{"projective:mmadd-2007-bl": {"coordinate_polynomials": [["Y", "X1*X2*Y1*Y2*d + 1"], ["X", "X2*Y1 + X1*Y2"], ["Y", "X1*X2 - Y1*Y2"], ["X", "X1*X2*Y1*Y2*d - 1"]], "hard_polynomials": ["X2*Y1 + X1*Y2 + Y1*Y2"], "easy_polynomials": [], "name": "projective:mmadd-2007-bl", "operation": "add", "form": "edwards", "coordinates": "projective", "ring_variables": ["X1", "X2", "Y1", "Y2", "c", "d"], "unsolvable_polynomials": ["X1 + Y2", "Y1 + Y2", "X1 - X2", "X2 + Y1", "X2 + Y2", "X1 + Y1"]}, "projective:add-2007-bl-2": {"coordinate_polynomials": [["Y", "X1*X2*Y1*Y2*d + 1"], ["X", "X2*Y1 + X1*Y2"], ["Y", "X1*X2 - Y1*Y2"], ["X", "X1*X2*Y1*Y2*d - 1"]], "hard_polynomials": ["X2*Y1 + X1*Y2 + Y1*Y2"], "easy_polynomials": [], "name": "projective:add-2007-bl-2", "operation": "add", "form": "edwards", "coordinates": "projective", "ring_variables": ["X1", "X2", "Y1", "Y2", "c", "d"], "unsolvable_polynomials": ["X1 + Y2", "Y1 + Y2", "X1 - X2", "X2 + Y1", "X2 + Y2", "X1 + Y1"]}, "projective:madd-2007-bl-3": {"coordinate_polynomials": [["Y", "X1*X2*Y1*Y2*d + 1"], ["X", "X2*Y1 + X1*Y2"], ["Y", "X1*X2 - Y1*Y2"], ["X", "X1*X2*Y1*Y2*d - 1"]], "hard_polynomials": ["X2*Y1 + X1*Y2 + Y1*Y2"], "easy_polynomials": [], "name": "projective:madd-2007-bl-3", "operation": "add", "form": "edwards", "coordinates": "projective", "ring_variables": ["X1", "X2", "Y1", "Y2", "c", "d"], "unsolvable_polynomials": ["X1 + Y2", "Y1 + Y2", "X1 - X2", "X2 + Y1", "X2 + Y2", "X1 + Y1"]}, "projective:add-2007-bl-3": {"coordinate_polynomials": [["Y", "X1*X2*Y1*Y2*d + 1"], ["X", "X2*Y1 + X1*Y2"], ["Y", "X1*X2 - Y1*Y2"], ["X", "X1*X2*Y1*Y2*d - 1"]], "hard_polynomials": ["X2*Y1 + X1*Y2 + Y1*Y2"], "easy_polynomials": [], "name": "projective:add-2007-bl-3", "operation": "add", "form": "edwards", "coordinates": "projective", "ring_variables": ["X1", "X2", "Y1", "Y2", "c", "d"], "unsolvable_polynomials": ["X1 + Y2", "Y1 + Y2", "X1 - X2", "X2 + Y1", "X2 + Y2", "X1 + Y1"]}, "projective:xmadd-2007-hcd": {"coordinate_polynomials": [["Y", "Y1*Y2 - X1*X2"], ["Z", "X1*Y1*Y2*X2*d - 1"], ["Y", "X1*Y1*Y2*X2*d + 1"], ["X", "X1*Y2 + Y1*X2"]], "hard_polynomials": [], "easy_polynomials": [], "name": "projective:xmadd-2007-hcd", "operation": "add", "form": "edwards", "coordinates": "projective", "ring_variables": ["X1", "Y1", "Y2", "X2", "c", "d"], "unsolvable_polynomials": ["X1 + Y2", "Y1 + Y2", "X1 - X2", "Y1 + X2", "Y2 + X2", "X1 + Y1"]}, "projective:madd-2007-bl-2": {"coordinate_polynomials": [["Y", "X1*X2*Y1*Y2*d + 1"], ["X", "X2*Y1 + X1*Y2"], ["Y", "X1*X2 - Y1*Y2"], ["X", "X1*X2*Y1*Y2*d - 1"]], "hard_polynomials": ["X2*Y1 + X1*Y2 + Y1*Y2"], "easy_polynomials": [], "name": "projective:madd-2007-bl-2", "operation": "add", "form": "edwards", "coordinates": "projective", "ring_variables": ["X1", "X2", "Y1", "Y2", "c", "d"], "unsolvable_polynomials": ["X1 + Y2", "Y1 + Y2", "X1 - X2", "X2 + Y1", "X2 + Y2", "X1 + Y1"]}, "projective:madd-2007-bl": {"coordinate_polynomials": [["Y", "X1*X2*Y1*Y2*d + 1"], ["X", "X2*Y1 + X1*Y2"], ["Y", "X1*X2 - Y1*Y2"], ["X", "X1*X2*Y1*Y2*d - 1"]], "hard_polynomials": ["X2*Y1 + X1*Y2 + Y1*Y2"], "easy_polynomials": [], "name": "projective:madd-2007-bl", "operation": "add", "form": "edwards", "coordinates": "projective", "ring_variables": ["X1", "X2", "Y1", "Y2", "c", "d"], "unsolvable_polynomials": ["X1 + Y2", "Y1 + Y2", "X1 - X2", "X2 + Y1", "X2 + Y2", "X1 + Y1"]}, "projective:add-2007-bl": {"coordinate_polynomials": [["Y", "X1*X2*Y1*Y2*d + 1"], ["X", "X2*Y1 + X1*Y2"], ["Y", "X1*X2 - Y1*Y2"], ["X", "X1*X2*Y1*Y2*d - 1"]], "hard_polynomials": ["X2*Y1 + X1*Y2 + Y1*Y2"], "easy_polynomials": [], "name": "projective:add-2007-bl", "operation": "add", "form": "edwards", "coordinates": "projective", "ring_variables": ["X1", "X2", "Y1", "Y2", "c", "d"], "unsolvable_polynomials": ["X1 + Y2", "Y1 + Y2", "X1 - X2", "X2 + Y1", "X2 + Y2", "X1 + Y1"]}, "inverted:add-20080225-hwcd": {"coordinate_polynomials": [["Y", "X1*Y1 + X2*Y2"], ["X", "X1*Y1 - X2*Y2"], ["X", "X1*X2 + Y1*Y2"], ["Y", "X2*Y1 - X1*Y2"]], "hard_polynomials": [], "easy_polynomials": [], "name": "inverted:add-20080225-hwcd", "operation": "add", "form": "edwards", "coordinates": "inverted", "ring_variables": ["X1", "X2", "Y1", "Y2", "c", "d"], "unsolvable_polynomials": ["X1 + Y2", "Y1 + Y2", "X1 - X2", "X2 + Y1", "X2 + Y2", "X1 + Y1"]}, "inverted:mmadd-2007-bl": {"coordinate_polynomials": [["Y", "X2*Y1 + X1*Y2"], ["X", "X1*X2*Y1*Y2*d + 1"], ["X", "X1*X2 - Y1*Y2"], ["Y", "X1*X2*Y1*Y2*d - 1"]], "hard_polynomials": ["X1*X2 + X2*Y1 + X1*Y2"], "easy_polynomials": [], "name": "inverted:mmadd-2007-bl", "operation": "add", "form": "edwards", "coordinates": "inverted", "ring_variables": ["X1", "X2", "Y1", "Y2", "c", "d"], "unsolvable_polynomials": ["X1 + Y2", "Y1 + Y2", "X1 - X2", "X2 + Y1", "X2 + Y2", "X1 + Y1"]}, "inverted:madd-20080225-hwcd": {"coordinate_polynomials": [["Y", "X1*Y1 + X2*Y2"], ["X", "X1*Y1 - X2*Y2"], ["X", "X1*X2 + Y1*Y2"], ["Y", "X2*Y1 - X1*Y2"]], "hard_polynomials": [], "easy_polynomials": [], "name": "inverted:madd-20080225-hwcd", "operation": "add", "form": "edwards", "coordinates": "inverted", "ring_variables": ["X1", "X2", "Y1", "Y2", "c", "d"], "unsolvable_polynomials": ["X1 + Y2", "Y1 + Y2", "X1 - X2", "X2 + Y1", "X2 + Y2", "X1 + Y1"]}, "inverted:xmadd-2007-bl": {"coordinate_polynomials": [["X", "X1*Y1*Y2*X2*d + 1"], ["Y", "X1*Y1*Y2*X2*d - 1"], ["X", "Y1*Y2 - X1*X2"], ["Y", "X1*Y2 + Y1*X2"]], "hard_polynomials": [], "easy_polynomials": [], "name": "inverted:xmadd-2007-bl", "operation": "add", "form": "edwards", "coordinates": "inverted", "ring_variables": ["X1", "Y1", "Y2", "X2", "c", "d"], "unsolvable_polynomials": ["X1 + Y2", "Y1 + Y2", "X1 - X2", "Y1 + X2", "Y2 + X2", "X1 + Y1"]}, "inverted:madd-2007-bl": {"coordinate_polynomials": [["Y", "X2*Y1 + X1*Y2"], ["X", "X1*X2*Y1*Y2*d + 1"], ["X", "X1*X2 - Y1*Y2"], ["Y", "X1*X2*Y1*Y2*d - 1"]], "hard_polynomials": ["X1*X2 + X2*Y1 + X1*Y2"], "easy_polynomials": [], "name": "inverted:madd-2007-bl", "operation": "add", "form": "edwards", "coordinates": "inverted", "ring_variables": ["X1", "X2", "Y1", "Y2", "c", "d"], "unsolvable_polynomials": ["X1 + Y2", "Y1 + Y2", "X1 - X2", "X2 + Y1", "X2 + Y2", "X1 + Y1"]}, "inverted:add-2007-bl": {"coordinate_polynomials": [["Y", "X2*Y1 + X1*Y2"], ["X", "X1*X2*Y1*Y2*d + 1"], ["X", "X1*X2 - Y1*Y2"], ["Y", "X1*X2*Y1*Y2*d - 1"]], "hard_polynomials": ["X1*X2 + X2*Y1 + X1*Y2"], "easy_polynomials": [], "name": "inverted:add-2007-bl", "operation": "add", "form": "edwards", "coordinates": "inverted", "ring_variables": ["X1", "X2", "Y1", "Y2", "c", "d"], "unsolvable_polynomials": ["X1 + Y2", "Y1 + Y2", "X1 - X2", "X2 + Y1", "X2 + Y2", "X1 + Y1"]}}