{"yzsquared:dadd-2006-g": {"coordinate_polynomials": [["Y", "Y2^2*Y3^2*r^2 - Y2^2 - Y3^2 + 1"], ["Z", "Y2^2*Y3^2*r^2 - Y2^2*r^2 - Y3^2*r^2 + 1"]], "hard_polynomials": [], "easy_polynomials": ["Y2^2*r + 1", "Y3^2*r - 1", "Y2^2*r - 1", "Y3^2*r + 1"], "name": "yzsquared:dadd-2006-g", "operation": "dadd", "form": "edwards", "coordinates": "yzsquared", "ring_variables": ["Y1", "Y2", "Y3", "r"], "unsolvable_polynomials": []}, "yzsquared:mdadd-2006-g": {"coordinate_polynomials": [["Y", "Y2^2*Y3^2*r^2 - Y2^2 - Y3^2 + 1"], ["Z", "Y2^2*Y3^2*r^2 - Y2^2*r^2 - Y3^2*r^2 + 1"]], "hard_polynomials": [], "easy_polynomials": ["Y2^2*r + 1", "Y3^2*r - 1", "Y2^2*r - 1", "Y3^2*r + 1"], "name": "yzsquared:mdadd-2006-g", "operation": "dadd", "form": "edwards", "coordinates": "yzsquared", "ring_variables": ["Y1", "Y2", "Y3", "r"], "unsolvable_polynomials": []}, "yz:dadd-2006-g": {"coordinate_polynomials": [["Y", "Y2^2*Y3^2*r^2 - Y2^2 - Y3^2 + 1"], ["Z", "Y2^2*Y3^2*r^2 - Y2^2*r^2 - Y3^2*r^2 + 1"]], "hard_polynomials": [], "easy_polynomials": ["Y2^2*r + 1", "Y3^2*r - 1", "Y2^2*r - 1", "Y3^2*r + 1"], "name": "yz:dadd-2006-g", "operation": "dadd", "form": "edwards", "coordinates": "yz", "ring_variables": ["Y1", "Y2", "Y3", "r"], "unsolvable_polynomials": []}, "yz:dadd-2006-g-2": {"coordinate_polynomials": [["Y", "Y2^2*Y3^2*r^2 - Y2^2 - Y3^2 + 1"], ["Z", "Y2^2*Y3^2*r^2 - Y2^2*r^2 - Y3^2*r^2 + 1"]], "hard_polynomials": [], "easy_polynomials": ["Y2^2*r + 1", "Y3^2*r - 1", "Y2^2*r - 1", "Y3^2*r + 1"], "name": "yz:dadd-2006-g-2", "operation": "dadd", "form": "edwards", "coordinates": "yz", "ring_variables": ["Y1", "Y2", "Y3", "r"], "unsolvable_polynomials": []}, "yz:mdadd-2006-g-2": {"coordinate_polynomials": [["Y", "Y2^2*Y3^2*r^2 - Y2^2 - Y3^2 + 1"], ["Z", "Y2^2*Y3^2*r^2 - Y2^2*r^2 - Y3^2*r^2 + 1"]], "hard_polynomials": [], "easy_polynomials": ["Y2^2*r + 1", "Y3^2*r - 1", "Y2^2*r - 1", "Y3^2*r + 1"], "name": "yz:mdadd-2006-g-2", "operation": "dadd", "form": "edwards", "coordinates": "yz", "ring_variables": ["Y1", "Y2", "Y3", "r"], "unsolvable_polynomials": []}}