{"xz:dadd-1987-m": {"coordinate_polynomials": [["X", "X2*X3 - 1"], ["Z", "X2 - X3"]], "hard_polynomials": [], "easy_polynomials": [], "name": "xz:dadd-1987-m", "operation": "dadd", "form": "montgom", "coordinates": "xz", "ring_variables": ["X1", "X2", "X3", "a", "b"], "unsolvable_polynomials": ["X2 - 1", "X2 + 1", "X1 - 1", "X1 + 1", "X3 - 1", "X3 + 1"]}, "xz:mdadd-1987-m": {"coordinate_polynomials": [["X", "X2*X3 - 1"], ["Z", "X2 - X3"]], "hard_polynomials": [], "easy_polynomials": [], "name": "xz:mdadd-1987-m", "operation": "dadd", "form": "montgom", "coordinates": "xz", "ring_variables": ["X1", "X2", "X3", "a", "b"], "unsolvable_polynomials": ["X2 - 1", "X2 + 1", "X1 - 1", "X1 + 1", "X3 - 1", "X3 + 1"]}, "xz:dadd-1987-m-2": {"coordinate_polynomials": [["X", "X2*X3 - 1"], ["Z", "X2 - X3"]], "hard_polynomials": [], "easy_polynomials": [], "name": "xz:dadd-1987-m-2", "operation": "dadd", "form": "montgom", "coordinates": "xz", "ring_variables": ["X1", "X2", "X3", "a", "b"], "unsolvable_polynomials": ["X2 - 1", "X2 + 1", "X1 - 1", "X1 + 1", "X3 - 1", "X3 + 1"]}, "xz:dadd-1987-m-3": {"coordinate_polynomials": [["X", "X2*X3 - 1"], ["Z", "X2 - X3"]], "hard_polynomials": [], "easy_polynomials": [], "name": "xz:dadd-1987-m-3", "operation": "dadd", "form": "montgom", "coordinates": "xz", "ring_variables": ["X1", "X2", "X3", "a", "b"], "unsolvable_polynomials": ["X2 - 1", "X2 + 1", "X1 - 1", "X1 + 1", "X3 - 1", "X3 + 1"]}}