{"xz:dbl-1987-m-3": {"coordinate_polynomials": [["X", "X1 + 1"], ["Z", "X1^2 + X1*a + 1"], ["X", "X1 - 1"]], "hard_polynomials": [], "easy_polynomials": [], "name": "xz:dbl-1987-m-3", "operation": "dbl", "form": "montgom", "coordinates": "xz", "ring_variables": ["X1", "a", "b"], "unsolvable_polynomials": []}, "xz:dbl-1987-m-2": {"coordinate_polynomials": [["X", "X1 + 1"], ["Z", "X1^2 + X1*a + 1"], ["X", "X1 - 1"]], "hard_polynomials": [], "easy_polynomials": [], "name": "xz:dbl-1987-m-2", "operation": "dbl", "form": "montgom", "coordinates": "xz", "ring_variables": ["X1", "a", "b"], "unsolvable_polynomials": []}, "xz:mdbl-1987-m": {"coordinate_polynomials": [], "hard_polynomials": [], "easy_polynomials": [], "name": "xz:mdbl-1987-m", "operation": "dbl", "form": "montgom", "coordinates": "xz", "ring_variables": ["X1", "a", "b"], "unsolvable_polynomials": []}, "xz:dbl-1987-m": {"coordinate_polynomials": [["X", "X1 + 1"], ["Z", "X1^2 + X1*a + 1"], ["X", "X1 - 1"]], "hard_polynomials": [], "easy_polynomials": ["X1 + a"], "name": "xz:dbl-1987-m", "operation": "dbl", "form": "montgom", "coordinates": "xz", "ring_variables": ["X1", "a", "b"], "unsolvable_polynomials": []}}