{"xz:ladd-2002-it-4": {"coordinate_polynomials": [["Z", "X2 - X3"], ["X", "X1*X2^2 - 2*X1*X2*X3 - 2*X2^2*X3 + X1*X3^2 - 2*X2*X3^2 - 2*X2*a - 2*X3*a - 4*b"]], "hard_polynomials": ["X2 + X3", "X2*X3 + a", "X2^2*X3 + X2*X3^2 + X2*a + X3*a + 2*b"], "easy_polynomials": ["X2 + 1", "X2^2 + a", "X2^4 - 2*X2^2*a + a^2 - 8*X2*b", "X2^2 - a", "X2^3 + X2*a + b", "2*X2 + 1"], "name": "xz:ladd-2002-it-4", "operation": "ladd", "form": "shortw", "coordinates": "xz", "ring_variables": ["X1", "X2", "X3", "a", "b"], "unsolvable_polynomials": []}, "xz:ladd-2002-it": {"coordinate_polynomials": [["Z", "X2 - X3"], ["X", "X2^2*X3^2 - 2*X2*X3*a + a^2 - 4*X2*b - 4*X3*b"]], "hard_polynomials": ["X2 + X3", "X2*X3 - a"], "easy_polynomials": ["X2^3 + X2*a + b", "X2^4 - 2*X2^2*a + a^2 - 8*X2*b", "X2^2 - a", "X2^2 + a"], "name": "xz:ladd-2002-it", "operation": "ladd", "form": "shortw", "coordinates": "xz", "ring_variables": ["X1", "X2", "X3", "a", "b"], "unsolvable_polynomials": []}, "xz:ladd-2002-it-2": {"coordinate_polynomials": [["Z", "X2 - X3"], ["X", "X1*X2^2 - 2*X1*X2*X3 - 2*X2^2*X3 + X1*X3^2 - 2*X2*X3^2 - 2*X2*a - 2*X3*a - 4*b"]], "hard_polynomials": ["X2 + X3", "X2*X3 + a", "X2^2*X3 + X2*X3^2 + X2*a + X3*a + 2*b"], "easy_polynomials": ["X2^3 + X2*a + b", "X2^4 - 2*X2^2*a + a^2 - 8*X2*b", "X2^2 - a", "X2^2 + a"], "name": "xz:ladd-2002-it-2", "operation": "ladd", "form": "shortw", "coordinates": "xz", "ring_variables": ["X1", "X2", "X3", "a", "b"], "unsolvable_polynomials": []}, "xz:mladd-2002-it": {"coordinate_polynomials": [["Z", "X2 - X3"], ["X", "X2^2*X3^2 - 2*X2*X3*a + a^2 - 4*X2*b - 4*X3*b"]], "hard_polynomials": ["X2 + X3", "X2*X3 - a"], "easy_polynomials": ["X2^3 + X2*a + b", "X2^4 - 2*X2^2*a + a^2 - 8*X2*b", "X2^2 - a", "X2^2 + a"], "name": "xz:mladd-2002-it", "operation": "ladd", "form": "shortw", "coordinates": "xz", "ring_variables": ["X1", "X2", "X3", "a", "b"], "unsolvable_polynomials": []}, "xz:ladd-2002-it-3": {"coordinate_polynomials": [["Z", "X2 - X3"], ["X", "X2^2*X3^2 - 2*X2*X3*a + a^2 - 4*X2*b - 4*X3*b"]], "hard_polynomials": ["X2 + X3", "X2*X3 - a"], "easy_polynomials": ["X2 + 1", "X2^2 + a", "X2^4 - 2*X2^2*a + a^2 - 8*X2*b", "X2^2 - a", "X2^3 + X2*a + b", "2*X2 + 1"], "name": "xz:ladd-2002-it-3", "operation": "ladd", "form": "shortw", "coordinates": "xz", "ring_variables": ["X1", "X2", "X3", "a", "b"], "unsolvable_polynomials": []}, "xz:mladd-2002-bj-3": {"coordinate_polynomials": [["Z", "X2 - X3"], ["X", "X2^2*X3^2 - 2*X2*X3*a + a^2 - 4*X2*b - 4*X3*b"]], "hard_polynomials": ["X2 + X3", "X2*X3 - a"], "easy_polynomials": ["X2 + 1", "X2^2 + a", "X2^4 - 2*X2^2*a + a^2 - 8*X2*b", "X2^2 - a", "X2^3 + X2*a + b", "2*X2 + 1"], "name": "xz:mladd-2002-bj-3", "operation": "ladd", "form": "shortw", "coordinates": "xz", "ring_variables": ["X1", "X2", "X3", "a", "b"], "unsolvable_polynomials": []}, "xz:mladd-2002-it-5": {"coordinate_polynomials": [["Z", "X2 - X3"]], "hard_polynomials": ["X2 + X3", "X2*X3 + a", "X2^2*X3 + X2*X3^2 + X2*a + X3*a + 2*b"], "easy_polynomials": ["X2 + 1", "X2^2 + a", "X2^4 - 2*X2^2*a + a^2 - 8*X2*b", "X2^2 - a", "X2^3 + X2*a + b", "2*X2 + 1"], "name": "xz:mladd-2002-it-5", "operation": "ladd", "form": "shortw", "coordinates": "xz", "ring_variables": ["X1", "X2", "X3", "a", "b"], "unsolvable_polynomials": []}, "xz:mladd-2002-it-4": {"coordinate_polynomials": [["Z", "X2 - X3"]], "hard_polynomials": ["X2 + X3", "X2*X3 + a", "X2^2*X3 + X2*X3^2 + X2*a + X3*a + 2*b"], "easy_polynomials": ["X2 + 1", "X2^2 + a", "X2^4 - 2*X2^2*a + a^2 - 8*X2*b", "X2^2 - a", "X2^3 + X2*a + b", "2*X2 + 1"], "name": "xz:mladd-2002-it-4", "operation": "ladd", "form": "shortw", "coordinates": "xz", "ring_variables": ["X1", "X2", "X3", "a", "b"], "unsolvable_polynomials": []}, "xz:mladd-2002-bj": {"coordinate_polynomials": [["Z", "X2 - X3"], ["X", "X2^2*X3^2 - 2*X2*X3*a + a^2 - 4*X2*b - 4*X3*b"]], "hard_polynomials": ["X2 + X3", "X2*X3 - a"], "easy_polynomials": ["X2^3 + X2*a + b", "X2^4 - 2*X2^2*a + a^2 - 8*X2*b", "X2^2 - a", "X2^2 + a"], "name": "xz:mladd-2002-bj", "operation": "ladd", "form": "shortw", "coordinates": "xz", "ring_variables": ["X1", "X2", "X3", "a", "b"], "unsolvable_polynomials": []}, "xz:mladd-2002-it-3": {"coordinate_polynomials": [["Z", "X2 - X3"], ["X", "X2^2*X3^2 - 2*X2*X3*a + a^2 - 4*X2*b - 4*X3*b"]], "hard_polynomials": ["X2 + X3", "X2*X3 - a"], "easy_polynomials": ["X2 + 1", "X2^2 + a", "X2^4 - 2*X2^2*a + a^2 - 8*X2*b", "X2^2 - a", "X2^3 + X2*a + b", "2*X2 + 1"], "name": "xz:mladd-2002-it-3", "operation": "ladd", "form": "shortw", "coordinates": "xz", "ring_variables": ["X1", "X2", "X3", "a", "b"], "unsolvable_polynomials": []}, "xz:mladd-2002-it-2": {"coordinate_polynomials": [["Z", "X2 - X3"]], "hard_polynomials": ["X2 + X3", "X2*X3 + a", "X2^2*X3 + X2*X3^2 + X2*a + X3*a + 2*b"], "easy_polynomials": ["X2^3 + X2*a + b", "X2^4 - 2*X2^2*a + a^2 - 8*X2*b", "X2^2 - a", "X2^2 + a"], "name": "xz:mladd-2002-it-2", "operation": "ladd", "form": "shortw", "coordinates": "xz", "ring_variables": ["X1", "X2", "X3", "a", "b"], "unsolvable_polynomials": []}, "xz:mladd-2002-bj-2": {"coordinate_polynomials": [["Z", "X2 - X3"], ["X", "X2^2*X3^2 - 2*X2*X3*a + a^2 - 4*X2*b - 4*X3*b"]], "hard_polynomials": ["X2 + X3", "X2*X3 - a"], "easy_polynomials": ["X2 + 1", "X2^2 + a", "X2^4 - 2*X2^2*a + a^2 - 8*X2*b", "X2^2 - a", "X2^3 + X2*a + b", "2*X2 + 1"], "name": "xz:mladd-2002-bj-2", "operation": "ladd", "form": "shortw", "coordinates": "xz", "ring_variables": ["X1", "X2", "X3", "a", "b"], "unsolvable_polynomials": []}}