{"yzsquared:dbl-2006-g": {"coordinate_polynomials": [["Y", "Y1^4*r^2 - 2*Y1^2 + 1"], ["Z", "Y1^4*r^2 - 2*Y1^2*r^2 + 1"]], "hard_polynomials": [], "easy_polynomials": ["Y1^2*r + 1", "Y1^2*r - 1"], "name": "yzsquared:dbl-2006-g", "operation": "dbl", "form": "edwards", "coordinates": "yzsquared", "ring_variables": ["Y1", "r"], "unsolvable_polynomials": []}, "yzsquared:mdbl-2006-g": {"coordinate_polynomials": [], "hard_polynomials": [], "easy_polynomials": [], "name": "yzsquared:mdbl-2006-g", "operation": "dbl", "form": "edwards", "coordinates": "yzsquared", "ring_variables": ["Y1", "r"], "unsolvable_polynomials": []}, "projective:dbl-2007-bl-3": {"coordinate_polynomials": [["Y", "X1 - Y1"], ["Y", "X1 + Y1"], ["X", "X1^2 + Y1^2 - 2*c^2"], ["Y", "X1^2 + Y1^2"]], "hard_polynomials": [], "easy_polynomials": [], "name": "projective:dbl-2007-bl-3", "operation": "dbl", "form": "edwards", "coordinates": "projective", "ring_variables": ["X1", "Y1", "c", "d"], "unsolvable_polynomials": []}, "projective:dbl-2007-bl-2": {"coordinate_polynomials": [["Y", "X1 - Y1"], ["Y", "X1 + Y1"], ["X", "X1^2 + Y1^2 - 2*c^2"], ["Y", "X1^2 + Y1^2"]], "hard_polynomials": [], "easy_polynomials": [], "name": "projective:dbl-2007-bl-2", "operation": "dbl", "form": "edwards", "coordinates": "projective", "ring_variables": ["X1", "Y1", "c", "d"], "unsolvable_polynomials": []}, "projective:mdbl-2007-bl": {"coordinate_polynomials": [["Y", "X1 - Y1"], ["Y", "X1 + Y1"], ["Y", "X1^2 + Y1^2"]], "hard_polynomials": [], "easy_polynomials": [], "name": "projective:mdbl-2007-bl", "operation": "dbl", "form": "edwards", "coordinates": "projective", "ring_variables": ["X1", "Y1", "c", "d"], "unsolvable_polynomials": []}, "projective:dbl-2007-bl": {"coordinate_polynomials": [["Y", "X1 - Y1"], ["Y", "X1 + Y1"], ["X", "X1^2 + Y1^2 - 2*c^2"], ["Y", "X1^2 + Y1^2"]], "hard_polynomials": [], "easy_polynomials": [], "name": "projective:dbl-2007-bl", "operation": "dbl", "form": "edwards", "coordinates": "projective", "ring_variables": ["X1", "Y1", "c", "d"], "unsolvable_polynomials": []}, "inverted:mdbl-2007-bl": {"coordinate_polynomials": [["X", "X1^2 + Y1^2"], ["Z", "X1 + Y1"], ["Z", "X1 - Y1"]], "hard_polynomials": [], "easy_polynomials": [], "name": "inverted:mdbl-2007-bl", "operation": "dbl", "form": "edwards", "coordinates": "inverted", "ring_variables": ["X1", "Y1", "c", "d"], "unsolvable_polynomials": []}, "inverted:dbl-2007-bl": {"coordinate_polynomials": [["Y", "2*X1^2*Y1^2*c^2*d - X1^2 - Y1^2"], ["X", "X1^2 + Y1^2"], ["Z", "X1 + Y1"], ["Z", "X1 - Y1"]], "hard_polynomials": [], "easy_polynomials": [], "name": "inverted:dbl-2007-bl", "operation": "dbl", "form": "edwards", "coordinates": "inverted", "ring_variables": ["X1", "Y1", "c", "d"], "unsolvable_polynomials": []}, "yz:dbl-2006-g-2": {"coordinate_polynomials": [["Y", "Y1^4*r^2 - 2*Y1^2 + 1"], ["Z", "Y1^4*r^2 - 2*Y1^2*r^2 + 1"]], "hard_polynomials": [], "easy_polynomials": ["Y1^2*r + 1", "Y1^2*r - 1"], "name": "yz:dbl-2006-g-2", "operation": "dbl", "form": "edwards", "coordinates": "yz", "ring_variables": ["Y1", "r"], "unsolvable_polynomials": []}, "yz:mdbl-2006-g-2": {"coordinate_polynomials": [], "hard_polynomials": [], "easy_polynomials": [], "name": "yz:mdbl-2006-g-2", "operation": "dbl", "form": "edwards", "coordinates": "yz", "ring_variables": ["Y1", "r"], "unsolvable_polynomials": []}, "yz:mdbl-2006-g-3": {"coordinate_polynomials": [], "hard_polynomials": [], "easy_polynomials": [], "name": "yz:mdbl-2006-g-3", "operation": "dbl", "form": "edwards", "coordinates": "yz", "ring_variables": ["Y1", "r"], "unsolvable_polynomials": []}, "yz:dbl-2006-g": {"coordinate_polynomials": [["Y", "Y1^4*r^2 - 2*Y1^2 + 1"], ["Z", "Y1^4*r^2 - 2*Y1^2*r^2 + 1"]], "hard_polynomials": [], "easy_polynomials": ["Y1^2*r + 1", "Y1^2*r - 1"], "name": "yz:dbl-2006-g", "operation": "dbl", "form": "edwards", "coordinates": "yz", "ring_variables": ["Y1", "r"], "unsolvable_polynomials": []}}