{"yzsquared:ladd-2006-g-2": {"coordinate_polynomials": [["Z", "Y2^2*Y3^2*r^2 - Y2^2*r^2 - Y3^2*r^2 + 1"], ["Y", "Y2^2*Y3^2*r^2 - Y2^2 - Y3^2 + 1"]], "hard_polynomials": [], "easy_polynomials": ["Y2^2*r - 1", "Y2^2*r + 1", "Y2^4*r^2 - 2*Y2^2 + 1", "Y3^2*r - 1", "Y3^2*r + 1", "Y2^4*r^2 - 2*Y2^2*r^2 + 1"], "name": "yzsquared:ladd-2006-g-2", "operation": "ladd", "form": "edwards", "coordinates": "yzsquared", "ring_variables": ["Y1", "Y2", "Y3", "r"], "unsolvable_polynomials": []}, "yzsquared:ladd-2006-g": {"coordinate_polynomials": [["Z", "Y2^2*Y3^2*r^2 - Y2^2*r^2 - Y3^2*r^2 + 1"], ["Y", "Y2^2*Y3^2*r^2 - Y2^2 - Y3^2 + 1"]], "hard_polynomials": [], "easy_polynomials": ["Y2^2*r - 1", "Y2^2*r + 1", "Y2^4*r^2 - 2*Y2^2 + 1", "Y3^2*r - 1", "Y3^2*r + 1", "Y2^4*r^2 - 2*Y2^2*r^2 + 1"], "name": "yzsquared:ladd-2006-g", "operation": "ladd", "form": "edwards", "coordinates": "yzsquared", "ring_variables": ["Y1", "Y2", "Y3", "r"], "unsolvable_polynomials": []}, "yzsquared:mladd-2006-g": {"coordinate_polynomials": [["Z", "Y2^2*Y3^2*r^2 - Y2^2*r^2 - Y3^2*r^2 + 1"], ["Y", "Y2^2*Y3^2*r^2 - Y2^2 - Y3^2 + 1"]], "hard_polynomials": [], "easy_polynomials": ["Y2^2*r - 1", "Y2^2*r + 1", "Y2^4*r^2 - 2*Y2^2 + 1", "Y3^2*r - 1", "Y3^2*r + 1", "Y2^4*r^2 - 2*Y2^2*r^2 + 1"], "name": "yzsquared:mladd-2006-g", "operation": "ladd", "form": "edwards", "coordinates": "yzsquared", "ring_variables": ["Y1", "Y2", "Y3", "r"], "unsolvable_polynomials": []}, "yzsquared:mladd-2006-g-2": {"coordinate_polynomials": [["Z", "Y2^2*Y3^2*r^2 - Y2^2*r^2 - Y3^2*r^2 + 1"], ["Y", "Y2^2*Y3^2*r^2 - Y2^2 - Y3^2 + 1"]], "hard_polynomials": [], "easy_polynomials": ["Y2^2*r - 1", "Y2^2*r + 1", "Y2^4*r^2 - 2*Y2^2 + 1", "Y3^2*r - 1", "Y3^2*r + 1", "Y2^4*r^2 - 2*Y2^2*r^2 + 1"], "name": "yzsquared:mladd-2006-g-2", "operation": "ladd", "form": "edwards", "coordinates": "yzsquared", "ring_variables": ["Y1", "Y2", "Y3", "r"], "unsolvable_polynomials": []}, "yz:ladd-2006-g-2": {"coordinate_polynomials": [["Z", "Y2^2*Y3^2*r^2 - Y2^2*r^2 - Y3^2*r^2 + 1"], ["Y", "Y2^2*Y3^2*r^2 - Y2^2 - Y3^2 + 1"]], "hard_polynomials": [], "easy_polynomials": ["Y2^2*r - 1", "Y2^2*r + 1", "Y2^4*r^2 - 2*Y2^2 + 1", "Y3^2*r - 1", "Y3^2*r + 1", "Y2^4*r^2 - 2*Y2^2*r^2 + 1"], "name": "yz:ladd-2006-g-2", "operation": "ladd", "form": "edwards", "coordinates": "yz", "ring_variables": ["Y1", "Y2", "Y3", "r"], "unsolvable_polynomials": []}, "yz:ladd-2006-g": {"coordinate_polynomials": [["Z", "Y2^2*Y3^2*r^2 - Y2^2*r^2 - Y3^2*r^2 + 1"], ["Y", "Y2^2*Y3^2*r^2 - Y2^2 - Y3^2 + 1"]], "hard_polynomials": [], "easy_polynomials": ["Y2^2*r - 1", "Y2^2*r + 1", "Y2^4*r^2 - 2*Y2^2 + 1", "Y3^2*r - 1", "Y3^2*r + 1", "Y2^4*r^2 - 2*Y2^2*r^2 + 1"], "name": "yz:ladd-2006-g", "operation": "ladd", "form": "edwards", "coordinates": "yz", "ring_variables": ["Y1", "Y2", "Y3", "r"], "unsolvable_polynomials": []}, "yz:mladd-2006-g-2": {"coordinate_polynomials": [["Z", "Y2^2*Y3^2*r^2 - Y2^2*r^2 - Y3^2*r^2 + 1"], ["Y", "Y2^2*Y3^2*r^2 - Y2^2 - Y3^2 + 1"]], "hard_polynomials": [], "easy_polynomials": ["Y2^2*r - 1", "Y2^2*r + 1", "Y2^4*r^2 - 2*Y2^2 + 1", "Y3^2*r - 1", "Y3^2*r + 1", "Y2^4*r^2 - 2*Y2^2*r^2 + 1"], "name": "yz:mladd-2006-g-2", "operation": "ladd", "form": "edwards", "coordinates": "yz", "ring_variables": ["Y1", "Y2", "Y3", "r"], "unsolvable_polynomials": []}}