{"xz:dadd-2002-it-4": {"coordinate_polynomials": [["X", "X1*X2^2 - 2*X1*X2*X3 - 2*X2^2*X3 + X1*X3^2 - 2*X2*X3^2 - 2*X2*a - 2*X3*a - 4*b"]], "hard_polynomials": ["X2^2*X3 + X2*X3^2 + X2*a + X3*a + 2*b", "X2*X3 + a", "X2 + X3"], "easy_polynomials": [], "name": "xz:dadd-2002-it-4", "operation": "dadd", "form": "shortw", "coordinates": "xz", "ring_variables": ["X1", "X2", "X3", "a", "b"], "unsolvable_polynomials": ["X2 - X3"]}, "xz:dadd-2002-it-2": {"coordinate_polynomials": [["X", "X1*X2^2 - 2*X1*X2*X3 - 2*X2^2*X3 + X1*X3^2 - 2*X2*X3^2 - 2*X2*a - 2*X3*a - 4*b"]], "hard_polynomials": ["X2^2*X3 + X2*X3^2 + X2*a + X3*a + 2*b", "X2*X3 + a", "X2 + X3"], "easy_polynomials": [], "name": "xz:dadd-2002-it-2", "operation": "dadd", "form": "shortw", "coordinates": "xz", "ring_variables": ["X1", "X2", "X3", "a", "b"], "unsolvable_polynomials": ["X2 - X3"]}, "xz:mdadd-2002-it-2": {"coordinate_polynomials": [], "hard_polynomials": ["X2*X3 + a", "X2 + X3"], "easy_polynomials": [], "name": "xz:mdadd-2002-it-2", "operation": "dadd", "form": "shortw", "coordinates": "xz", "ring_variables": ["X1", "X2", "X3", "a", "b"], "unsolvable_polynomials": ["X2 - X3"]}, "xz:mdadd-2002-it-4": {"coordinate_polynomials": [], "hard_polynomials": ["X2*X3 + a", "X2 + X3"], "easy_polynomials": [], "name": "xz:mdadd-2002-it-4", "operation": "dadd", "form": "shortw", "coordinates": "xz", "ring_variables": ["X1", "X2", "X3", "a", "b"], "unsolvable_polynomials": ["X2 - X3"]}, "xz:dadd-2002-it-3": {"coordinate_polynomials": [["X", "X2^2*X3^2 - 2*X2*X3*a + a^2 - 4*X2*b - 4*X3*b"]], "hard_polynomials": ["X2*X3 - a", "X2 + X3"], "easy_polynomials": [], "name": "xz:dadd-2002-it-3", "operation": "dadd", "form": "shortw", "coordinates": "xz", "ring_variables": ["X1", "X2", "X3", "a", "b"], "unsolvable_polynomials": ["X2 - X3"]}, "xz:mdadd-2002-bj-2": {"coordinate_polynomials": [["X", "X2^2*X3^2 - 2*X2*X3*a + a^2 - 4*X2*b - 4*X3*b"]], "hard_polynomials": ["X2*X3 - a", "X2 + X3"], "easy_polynomials": [], "name": "xz:mdadd-2002-bj-2", "operation": "dadd", "form": "shortw", "coordinates": "xz", "ring_variables": ["X1", "X2", "X3", "a", "b"], "unsolvable_polynomials": ["X2 - X3"]}, "xz:dadd-2002-it": {"coordinate_polynomials": [["X", "X2^2*X3^2 - 2*X2*X3*a + a^2 - 4*X2*b - 4*X3*b"]], "hard_polynomials": ["X2*X3 - a", "X2 + X3"], "easy_polynomials": [], "name": "xz:dadd-2002-it", "operation": "dadd", "form": "shortw", "coordinates": "xz", "ring_variables": ["X1", "X2", "X3", "a", "b"], "unsolvable_polynomials": ["X2 - X3"]}, "xz:mdadd-2002-it-3": {"coordinate_polynomials": [["X", "X2^2*X3^2 - 2*X2*X3*a + a^2 - 4*X2*b - 4*X3*b"]], "hard_polynomials": ["X2*X3 - a", "X2 + X3"], "easy_polynomials": [], "name": "xz:mdadd-2002-it-3", "operation": "dadd", "form": "shortw", "coordinates": "xz", "ring_variables": ["X1", "X2", "X3", "a", "b"], "unsolvable_polynomials": ["X2 - X3"]}, "xz:mdadd-2002-it": {"coordinate_polynomials": [["X", "X2^2*X3^2 - 2*X2*X3*a + a^2 - 4*X2*b - 4*X3*b"]], "hard_polynomials": ["X2*X3 - a", "X2 + X3"], "easy_polynomials": [], "name": "xz:mdadd-2002-it", "operation": "dadd", "form": "shortw", "coordinates": "xz", "ring_variables": ["X1", "X2", "X3", "a", "b"], "unsolvable_polynomials": ["X2 - X3"]}, "xz:mdadd-2002-bj": {"coordinate_polynomials": [["X", "X2^2*X3^2 - 2*X2*X3*a + a^2 - 4*X2*b - 4*X3*b"]], "hard_polynomials": ["X2*X3 - a", "X2 + X3"], "easy_polynomials": [], "name": "xz:mdadd-2002-bj", "operation": "dadd", "form": "shortw", "coordinates": "xz", "ring_variables": ["X1", "X2", "X3", "a", "b"], "unsolvable_polynomials": ["X2 - X3"]}}