{"modified:mdbl-2009-bl": {"coordinate_polynomials": [["Y", "27*X1^6 - 36*X1^3*Y1^2 + 27*X1^4*a + 8*Y1^4 - 12*X1*Y1^2*a + 9*X1^2*a^2 + a^3"], ["X", "9*X1^4 - 8*X1*Y1^2 + 6*X1^2*a + a^2"]], "hard_polynomials": [], "easy_polynomials": ["3*X1^2 + a", "9*X1^4 - 12*X1*Y1^2 + 6*X1^2*a + a^2"], "name": "modified:mdbl-2009-bl", "operation": "dbl", "form": "shortw", "coordinates": "modified", "ring_variables": ["X1", "Y1", "a", "b"], "unsolvable_polynomials": []}, "modified:dbl-2009-bl": {"coordinate_polynomials": [["Y", "27*X1^6 - 36*X1^3*Y1^2 + 27*X1^4*a + 8*Y1^4 - 12*X1*Y1^2*a + 9*X1^2*a^2 + a^3"], ["X", "9*X1^4 - 8*X1*Y1^2 + 6*X1^2*a + a^2"]], "hard_polynomials": [], "easy_polynomials": ["3*X1^2 + a", "9*X1^4 - 12*X1*Y1^2 + 6*X1^2*a + a^2"], "name": "modified:dbl-2009-bl", "operation": "dbl", "form": "shortw", "coordinates": "modified", "ring_variables": ["X1", "Y1", "a", "b"], "unsolvable_polynomials": []}, "modified:dbl-1998-cmo-2": {"coordinate_polynomials": [["Y", "27*X1^6 - 36*X1^3*Y1^2 + 27*X1^4*a + 8*Y1^4 - 12*X1*Y1^2*a + 9*X1^2*a^2 + a^3"], ["X", "9*X1^4 - 8*X1*Y1^2 + 6*X1^2*a + a^2"]], "hard_polynomials": [], "easy_polynomials": ["3*X1^2 + a", "9*X1^4 - 12*X1*Y1^2 + 6*X1^2*a + a^2"], "name": "modified:dbl-1998-cmo-2", "operation": "dbl", "form": "shortw", "coordinates": "modified", "ring_variables": ["X1", "Y1", "a", "b"], "unsolvable_polynomials": []}, "xyzz-3:mdbl-2008-s-1": {"coordinate_polynomials": [], "hard_polynomials": [], "easy_polynomials": [], "name": "xyzz-3:mdbl-2008-s-1", "operation": "dbl", "form": "shortw", "coordinates": "xyzz-3", "ring_variables": ["X1", "Y1", "b"], "unsolvable_polynomials": []}, "xyzz-3:dbl-2008-s-2": {"coordinate_polynomials": [["Y", "27*X1^6 - 36*X1^3*Y1^2 - 81*X1^4 + 8*Y1^4 + 36*X1*Y1^2 + 81*X1^2 - 27"], ["X", "9*X1^4 - 8*X1*Y1^2 - 18*X1^2 + 9"]], "hard_polynomials": [], "easy_polynomials": ["3*X1^4 - 4*X1*Y1^2 - 6*X1^2 + 3", "X1 + 1", "X1 - 1"], "name": "xyzz-3:dbl-2008-s-2", "operation": "dbl", "form": "shortw", "coordinates": "xyzz-3", "ring_variables": ["X1", "Y1", "b"], "unsolvable_polynomials": []}, "xyzz-3:mdbl-2008-s-2": {"coordinate_polynomials": [], "hard_polynomials": [], "easy_polynomials": [], "name": "xyzz-3:mdbl-2008-s-2", "operation": "dbl", "form": "shortw", "coordinates": "xyzz-3", "ring_variables": ["X1", "Y1", "b"], "unsolvable_polynomials": []}, "xyzz-3:dbl-2008-s-1": {"coordinate_polynomials": [["Y", "27*X1^6 - 36*X1^3*Y1^2 - 81*X1^4 + 8*Y1^4 + 36*X1*Y1^2 + 81*X1^2 - 27"], ["X", "9*X1^4 - 8*X1*Y1^2 - 18*X1^2 + 9"]], "hard_polynomials": [], "easy_polynomials": ["3*X1^4 - 4*X1*Y1^2 - 6*X1^2 + 3", "X1 + 1", "X1 - 1"], "name": "xyzz-3:dbl-2008-s-1", "operation": "dbl", "form": "shortw", "coordinates": "xyzz-3", "ring_variables": ["X1", "Y1", "b"], "unsolvable_polynomials": []}, "xyzz:mdbl-2008-s-1": {"coordinate_polynomials": [], "hard_polynomials": [], "easy_polynomials": [], "name": "xyzz:mdbl-2008-s-1", "operation": "dbl", "form": "shortw", "coordinates": "xyzz", "ring_variables": ["X1", "Y1", "a", "b"], "unsolvable_polynomials": []}, "xyzz:dbl-2008-s-1": {"coordinate_polynomials": [["Y", "27*X1^6 - 36*X1^3*Y1^2 + 27*X1^4*a + 8*Y1^4 - 12*X1*Y1^2*a + 9*X1^2*a^2 + a^3"], ["X", "9*X1^4 - 8*X1*Y1^2 + 6*X1^2*a + a^2"]], "hard_polynomials": [], "easy_polynomials": ["3*X1^2 + a", "9*X1^4 - 12*X1*Y1^2 + 6*X1^2*a + a^2"], "name": "xyzz:dbl-2008-s-1", "operation": "dbl", "form": "shortw", "coordinates": "xyzz", "ring_variables": ["X1", "Y1", "a", "b"], "unsolvable_polynomials": []}, "jacobian-3:dbl-1998-cmo": {"coordinate_polynomials": [["Y", "27*X1^6 - 36*X1^3*Y1^2 - 81*X1^4 + 8*Y1^4 + 36*X1*Y1^2 + 81*X1^2 - 27"], ["X", "9*X1^4 - 8*X1*Y1^2 - 18*X1^2 + 9"]], "hard_polynomials": [], "easy_polynomials": ["3*X1^4 - 4*X1*Y1^2 - 6*X1^2 + 3", "X1 + 1", "X1 - 1"], "name": "jacobian-3:dbl-1998-cmo", "operation": "dbl", "form": "shortw", "coordinates": "jacobian-3", "ring_variables": ["X1", "Y1", "b"], "unsolvable_polynomials": []}, "jacobian-3:dbl-1986-cc": {"coordinate_polynomials": [["Y", "27*X1^6 - 36*X1^3*Y1^2 - 81*X1^4 + 8*Y1^4 + 36*X1*Y1^2 + 81*X1^2 - 27"], ["X", "9*X1^4 - 8*X1*Y1^2 - 18*X1^2 + 9"]], "hard_polynomials": [], "easy_polynomials": ["3*X1^4 - 4*X1*Y1^2 - 6*X1^2 + 3", "X1 + 1", "X1 - 1"], "name": "jacobian-3:dbl-1986-cc", "operation": "dbl", "form": "shortw", "coordinates": "jacobian-3", "ring_variables": ["X1", "Y1", "b"], "unsolvable_polynomials": []}, "jacobian-3:mdbl-2007-bl": {"coordinate_polynomials": [], "hard_polynomials": [], "easy_polynomials": [], "name": "jacobian-3:mdbl-2007-bl", "operation": "dbl", "form": "shortw", "coordinates": "jacobian-3", "ring_variables": ["X1", "Y1", "b"], "unsolvable_polynomials": []}, "jacobian-3:dbl-2007-bl": {"coordinate_polynomials": [["Y", "27*X1^6 - 36*X1^3*Y1^2 - 81*X1^4 + 8*Y1^4 + 36*X1*Y1^2 + 81*X1^2 - 27"], ["X", "9*X1^4 - 8*X1*Y1^2 - 18*X1^2 + 9"]], "hard_polynomials": [], "easy_polynomials": ["3*X1^4 - 4*X1*Y1^2 - 6*X1^2 + 3", "X1 + 1", "X1 - 1"], "name": "jacobian-3:dbl-2007-bl", "operation": "dbl", "form": "shortw", "coordinates": "jacobian-3", "ring_variables": ["X1", "Y1", "b"], "unsolvable_polynomials": []}, "jacobian-3:dbl-2001-b": {"coordinate_polynomials": [["Y", "27*X1^6 - 36*X1^3*Y1^2 - 81*X1^4 + 8*Y1^4 + 36*X1*Y1^2 + 81*X1^2 - 27"], ["X", "9*X1^4 - 8*X1*Y1^2 - 18*X1^2 + 9"]], "hard_polynomials": [], "easy_polynomials": ["3*X1^4 - 4*X1*Y1^2 - 6*X1^2 + 3", "X1 + 1", "X1 - 1"], "name": "jacobian-3:dbl-2001-b", "operation": "dbl", "form": "shortw", "coordinates": "jacobian-3", "ring_variables": ["X1", "Y1", "b"], "unsolvable_polynomials": []}, "jacobian-3:dbl-1998-cmo-2": {"coordinate_polynomials": [["Y", "27*X1^6 - 36*X1^3*Y1^2 - 81*X1^4 + 8*Y1^4 + 36*X1*Y1^2 + 81*X1^2 - 27"], ["X", "9*X1^4 - 8*X1*Y1^2 - 18*X1^2 + 9"]], "hard_polynomials": [], "easy_polynomials": ["3*X1^4 - 4*X1*Y1^2 - 6*X1^2 + 3", "X1 + 1", "X1 - 1"], "name": "jacobian-3:dbl-1998-cmo-2", "operation": "dbl", "form": "shortw", "coordinates": "jacobian-3", "ring_variables": ["X1", "Y1", "b"], "unsolvable_polynomials": []}, "jacobian-3:dbl-1986-cc-2": {"coordinate_polynomials": [["Y", "27*X1^6 - 36*X1^3*Y1^2 - 81*X1^4 + 8*Y1^4 + 36*X1*Y1^2 + 81*X1^2 - 27"], ["X", "9*X1^4 - 8*X1*Y1^2 - 18*X1^2 + 9"]], "hard_polynomials": [], "easy_polynomials": ["3*X1^4 - 4*X1*Y1^2 - 6*X1^2 + 3", "X1 + 1", "X1 - 1"], "name": "jacobian-3:dbl-1986-cc-2", "operation": "dbl", "form": "shortw", "coordinates": "jacobian-3", "ring_variables": ["X1", "Y1", "b"], "unsolvable_polynomials": []}, "projective:dbl-1998-cmo": {"coordinate_polynomials": [["Y", "27*X1^6 - 36*X1^3*Y1^2 + 27*X1^4*a + 8*Y1^4 - 12*X1*Y1^2*a + 9*X1^2*a^2 + a^3"], ["X", "9*X1^4 - 8*X1*Y1^2 + 6*X1^2*a + a^2"]], "hard_polynomials": [], "easy_polynomials": ["3*X1^2 + a", "9*X1^4 - 12*X1*Y1^2 + 6*X1^2*a + a^2"], "name": "projective:dbl-1998-cmo", "operation": "dbl", "form": "shortw", "coordinates": "projective", "ring_variables": ["X1", "Y1", "a", "b"], "unsolvable_polynomials": []}, "projective:mdbl-2007-bl": {"coordinate_polynomials": [], "hard_polynomials": [], "easy_polynomials": [], "name": "projective:mdbl-2007-bl", "operation": "dbl", "form": "shortw", "coordinates": "projective", "ring_variables": ["X1", "Y1", "a", "b"], "unsolvable_polynomials": []}, "projective:dbl-2007-bl": {"coordinate_polynomials": [["Y", "27*X1^6 - 36*X1^3*Y1^2 + 27*X1^4*a + 8*Y1^4 - 12*X1*Y1^2*a + 9*X1^2*a^2 + a^3"], ["X", "9*X1^4 - 8*X1*Y1^2 + 6*X1^2*a + a^2"]], "hard_polynomials": [], "easy_polynomials": ["3*X1^2 + a", "9*X1^4 - 12*X1*Y1^2 + 6*X1^2*a + a^2"], "name": "projective:dbl-2007-bl", "operation": "dbl", "form": "shortw", "coordinates": "projective", "ring_variables": ["X1", "Y1", "a", "b"], "unsolvable_polynomials": []}, "projective:dbl-1998-cmo-2": {"coordinate_polynomials": [["Y", "27*X1^6 - 36*X1^3*Y1^2 + 27*X1^4*a + 8*Y1^4 - 12*X1*Y1^2*a + 9*X1^2*a^2 + a^3"], ["X", "9*X1^4 - 8*X1*Y1^2 + 6*X1^2*a + a^2"]], "hard_polynomials": [], "easy_polynomials": ["3*X1^2 + a", "9*X1^4 - 12*X1*Y1^2 + 6*X1^2*a + a^2"], "name": "projective:dbl-1998-cmo-2", "operation": "dbl", "form": "shortw", "coordinates": "projective", "ring_variables": ["X1", "Y1", "a", "b"], "unsolvable_polynomials": []}, "projective:dbl-2015-rcb": {"coordinate_polynomials": [["X", "X1*Y1^2 - 3*X1^2*a + a^2 - 9*X1*b"], ["Y", "3*X1^4*a + Y1^4 - 6*X1^2*a^2 + 18*X1^3*b - a^3 - 6*X1*a*b - 9*b^2"]], "hard_polynomials": [], "easy_polynomials": ["X1^2 - a", "Y1^2 - 2*X1*a - 3*b", "Y1^2 + 2*X1*a + 3*b", "X1^2*a - a^2 + 6*X1*b", "3*X1^2 + a"], "name": "projective:dbl-2015-rcb", "operation": "dbl", "form": "shortw", "coordinates": "projective", "ring_variables": ["X1", "Y1", "a", "b"], "unsolvable_polynomials": []}, "projective-1:dbl-1998-cmo": {"coordinate_polynomials": [["Y", "27*X1^6 - 36*X1^3*Y1^2 - 27*X1^4 + 8*Y1^4 + 12*X1*Y1^2 + 9*X1^2 - 1"], ["X", "9*X1^4 - 8*X1*Y1^2 - 6*X1^2 + 1"]], "hard_polynomials": [], "easy_polynomials": ["9*X1^4 - 12*X1*Y1^2 - 6*X1^2 + 1", "3*X1^2 - 1"], "name": "projective-1:dbl-1998-cmo", "operation": "dbl", "form": "shortw", "coordinates": "projective-1", "ring_variables": ["X1", "Y1", "b"], "unsolvable_polynomials": []}, "projective-1:mdbl-2007-bl": {"coordinate_polynomials": [], "hard_polynomials": [], "easy_polynomials": [], "name": "projective-1:mdbl-2007-bl", "operation": "dbl", "form": "shortw", "coordinates": "projective-1", "ring_variables": ["X1", "Y1", "b"], "unsolvable_polynomials": []}, "projective-1:dbl-2007-bl": {"coordinate_polynomials": [["Y", "27*X1^6 - 36*X1^3*Y1^2 - 27*X1^4 + 8*Y1^4 + 12*X1*Y1^2 + 9*X1^2 - 1"], ["X", "9*X1^4 - 8*X1*Y1^2 - 6*X1^2 + 1"]], "hard_polynomials": [], "easy_polynomials": ["9*X1^4 - 12*X1*Y1^2 - 6*X1^2 + 1", "3*X1^2 - 1"], "name": "projective-1:dbl-2007-bl", "operation": "dbl", "form": "shortw", "coordinates": "projective-1", "ring_variables": ["X1", "Y1", "b"], "unsolvable_polynomials": []}, "projective-1:dbl-1998-cmo-2": {"coordinate_polynomials": [["Y", "27*X1^6 - 36*X1^3*Y1^2 - 27*X1^4 + 8*Y1^4 + 12*X1*Y1^2 + 9*X1^2 - 1"], ["X", "9*X1^4 - 8*X1*Y1^2 - 6*X1^2 + 1"]], "hard_polynomials": [], "easy_polynomials": ["9*X1^4 - 12*X1*Y1^2 - 6*X1^2 + 1", "3*X1^2 - 1"], "name": "projective-1:dbl-1998-cmo-2", "operation": "dbl", "form": "shortw", "coordinates": "projective-1", "ring_variables": ["X1", "Y1", "b"], "unsolvable_polynomials": []}, "projective-1:dbl-2015-rcb": {"coordinate_polynomials": [["X", "X1*Y1^2 + 3*X1^2 - 9*X1*b + 1"], ["Y", "3*X1^4 - Y1^4 - 18*X1^3*b + 6*X1^2 - 6*X1*b + 9*b^2 - 1"]], "hard_polynomials": [], "easy_polynomials": ["X1^2 - 6*X1*b + 1", "3*X1^2 - 1", "X1^2 + 1", "Y1^2 + 2*X1 - 3*b", "Y1^2 - 2*X1 + 3*b"], "name": "projective-1:dbl-2015-rcb", "operation": "dbl", "form": "shortw", "coordinates": "projective-1", "ring_variables": ["X1", "Y1", "b"], "unsolvable_polynomials": []}, "jacobian:dbl-1998-cmo": {"coordinate_polynomials": [["Y", "27*X1^6 - 36*X1^3*Y1^2 + 27*X1^4*a + 8*Y1^4 - 12*X1*Y1^2*a + 9*X1^2*a^2 + a^3"], ["X", "9*X1^4 - 8*X1*Y1^2 + 6*X1^2*a + a^2"]], "hard_polynomials": [], "easy_polynomials": ["3*X1^2 + a", "9*X1^4 - 12*X1*Y1^2 + 6*X1^2*a + a^2"], "name": "jacobian:dbl-1998-cmo", "operation": "dbl", "form": "shortw", "coordinates": "jacobian", "ring_variables": ["X1", "Y1", "a", "b"], "unsolvable_polynomials": []}, "jacobian:dbl-1986-cc": {"coordinate_polynomials": [["Y", "27*X1^6 - 36*X1^3*Y1^2 + 27*X1^4*a + 8*Y1^4 - 12*X1*Y1^2*a + 9*X1^2*a^2 + a^3"], ["X", "9*X1^4 - 8*X1*Y1^2 + 6*X1^2*a + a^2"]], "hard_polynomials": [], "easy_polynomials": ["3*X1^2 + a", "9*X1^4 - 12*X1*Y1^2 + 6*X1^2*a + a^2"], "name": "jacobian:dbl-1986-cc", "operation": "dbl", "form": "shortw", "coordinates": "jacobian", "ring_variables": ["X1", "Y1", "a", "b"], "unsolvable_polynomials": []}, "jacobian:mdbl-2007-bl": {"coordinate_polynomials": [], "hard_polynomials": [], "easy_polynomials": [], "name": "jacobian:mdbl-2007-bl", "operation": "dbl", "form": "shortw", "coordinates": "jacobian", "ring_variables": ["X1", "Y1", "a", "b"], "unsolvable_polynomials": []}, "jacobian:dbl-2007-bl": {"coordinate_polynomials": [["Y", "27*X1^6 - 36*X1^3*Y1^2 + 27*X1^4*a + 8*Y1^4 - 12*X1*Y1^2*a + 9*X1^2*a^2 + a^3"], ["X", "9*X1^4 - 8*X1*Y1^2 + 6*X1^2*a + a^2"]], "hard_polynomials": [], "easy_polynomials": ["3*X1^2 + a", "9*X1^4 - 12*X1*Y1^2 + 6*X1^2*a + a^2"], "name": "jacobian:dbl-2007-bl", "operation": "dbl", "form": "shortw", "coordinates": "jacobian", "ring_variables": ["X1", "Y1", "a", "b"], "unsolvable_polynomials": []}, "jacobian:dbl-1998-cmo-2": {"coordinate_polynomials": [["Y", "27*X1^6 - 36*X1^3*Y1^2 + 27*X1^4*a + 8*Y1^4 - 12*X1*Y1^2*a + 9*X1^2*a^2 + a^3"], ["X", "9*X1^4 - 8*X1*Y1^2 + 6*X1^2*a + a^2"]], "hard_polynomials": [], "easy_polynomials": ["3*X1^2 + a", "9*X1^4 - 12*X1*Y1^2 + 6*X1^2*a + a^2"], "name": "jacobian:dbl-1998-cmo-2", "operation": "dbl", "form": "shortw", "coordinates": "jacobian", "ring_variables": ["X1", "Y1", "a", "b"], "unsolvable_polynomials": []}, "xz:dbl-2002-it": {"coordinate_polynomials": [["X", "X1^4 - 2*X1^2*a + a^2 - 8*X1*b"], ["Z", "X1^3 + X1*a + b"]], "hard_polynomials": [], "easy_polynomials": ["X1^2 + a", "X1^2 - a"], "name": "xz:dbl-2002-it", "operation": "dbl", "form": "shortw", "coordinates": "xz", "ring_variables": ["X1", "a", "b"], "unsolvable_polynomials": []}, "xz:dbl-2002-bj-2": {"coordinate_polynomials": [["X", "X1^4 - 2*X1^2*a + a^2 - 8*X1*b"], ["Z", "X1^3 + X1*a + b"]], "hard_polynomials": [], "easy_polynomials": ["X1 + 1", "X1^2 - a", "X1^2 + a"], "name": "xz:dbl-2002-bj-2", "operation": "dbl", "form": "shortw", "coordinates": "xz", "ring_variables": ["X1", "a", "b"], "unsolvable_polynomials": []}, "xz:dbl-2002-bj-3": {"coordinate_polynomials": [["X", "X1^4 - 2*X1^2*a + a^2 - 8*X1*b"], ["Z", "X1^3 + X1*a + b"]], "hard_polynomials": [], "easy_polynomials": ["X1 + 1", "X1^2 - a", "X1^2 + a"], "name": "xz:dbl-2002-bj-3", "operation": "dbl", "form": "shortw", "coordinates": "xz", "ring_variables": ["X1", "a", "b"], "unsolvable_polynomials": []}, "xz:dbl-2002-bj": {"coordinate_polynomials": [["X", "X1^4 - 2*X1^2*a + a^2 - 8*X1*b"], ["Z", "X1^3 + X1*a + b"]], "hard_polynomials": [], "easy_polynomials": ["X1^2 - a"], "name": "xz:dbl-2002-bj", "operation": "dbl", "form": "shortw", "coordinates": "xz", "ring_variables": ["X1", "a", "b"], "unsolvable_polynomials": []}, "xz:dbl-2002-it-2": {"coordinate_polynomials": [["X", "X1^4 - 2*X1^2*a + a^2 - 8*X1*b"], ["Z", "X1^3 + X1*a + b"]], "hard_polynomials": [], "easy_polynomials": ["X1^2 + a", "X1^2 - a"], "name": "xz:dbl-2002-it-2", "operation": "dbl", "form": "shortw", "coordinates": "xz", "ring_variables": ["X1", "a", "b"], "unsolvable_polynomials": []}, "jacobian-0:dbl-1998-cmo": {"coordinate_polynomials": [["X", "9*X1^3 - 8*Y1^2"], ["Y", "27*X1^6 - 36*X1^3*Y1^2 + 8*Y1^4"]], "hard_polynomials": [], "easy_polynomials": ["3*X1^3 - 4*Y1^2"], "name": "jacobian-0:dbl-1998-cmo", "operation": "dbl", "form": "shortw", "coordinates": "jacobian-0", "ring_variables": ["X1", "Y1", "b"], "unsolvable_polynomials": []}, "jacobian-0:dbl-1986-cc": {"coordinate_polynomials": [["X", "9*X1^3 - 8*Y1^2"], ["Y", "27*X1^6 - 36*X1^3*Y1^2 + 8*Y1^4"]], "hard_polynomials": [], "easy_polynomials": ["3*X1^3 - 4*Y1^2"], "name": "jacobian-0:dbl-1986-cc", "operation": "dbl", "form": "shortw", "coordinates": "jacobian-0", "ring_variables": ["X1", "Y1", "b"], "unsolvable_polynomials": []}, "jacobian-0:mdbl-2007-bl": {"coordinate_polynomials": [["X", "9*X1^3 - 8*Y1^2"], ["Y", "27*X1^6 - 36*X1^3*Y1^2 + 8*Y1^4"]], "hard_polynomials": [], "easy_polynomials": ["3*X1^3 - 4*Y1^2"], "name": "jacobian-0:mdbl-2007-bl", "operation": "dbl", "form": "shortw", "coordinates": "jacobian-0", "ring_variables": ["X1", "Y1", "b"], "unsolvable_polynomials": []}, "jacobian-0:dbl-2009-alnr": {"coordinate_polynomials": [["X", "9*X1^3 - 8*Y1^2"], ["Y", "27*X1^6 - 36*X1^3*Y1^2 + 8*Y1^4"]], "hard_polynomials": [], "easy_polynomials": ["3*X1^3 - 4*Y1^2"], "name": "jacobian-0:dbl-2009-alnr", "operation": "dbl", "form": "shortw", "coordinates": "jacobian-0", "ring_variables": ["X1", "Y1", "b"], "unsolvable_polynomials": []}, "jacobian-0:dbl-2007-bl": {"coordinate_polynomials": [["X", "9*X1^3 - 8*Y1^2"], ["Y", "27*X1^6 - 36*X1^3*Y1^2 + 8*Y1^4"]], "hard_polynomials": [], "easy_polynomials": ["3*X1^3 - 4*Y1^2"], "name": "jacobian-0:dbl-2007-bl", "operation": "dbl", "form": "shortw", "coordinates": "jacobian-0", "ring_variables": ["X1", "Y1", "b"], "unsolvable_polynomials": []}, "jacobian-0:dbl-1998-cmo-2": {"coordinate_polynomials": [["X", "9*X1^3 - 8*Y1^2"], ["Y", "27*X1^6 - 36*X1^3*Y1^2 + 8*Y1^4"]], "hard_polynomials": [], "easy_polynomials": ["3*X1^3 - 4*Y1^2"], "name": "jacobian-0:dbl-1998-cmo-2", "operation": "dbl", "form": "shortw", "coordinates": "jacobian-0", "ring_variables": ["X1", "Y1", "b"], "unsolvable_polynomials": []}, "jacobian-0:dbl-2009-l": {"coordinate_polynomials": [["X", "9*X1^3 - 8*Y1^2"], ["Y", "27*X1^6 - 36*X1^3*Y1^2 + 8*Y1^4"]], "hard_polynomials": [], "easy_polynomials": ["3*X1^3 - 4*Y1^2"], "name": "jacobian-0:dbl-2009-l", "operation": "dbl", "form": "shortw", "coordinates": "jacobian-0", "ring_variables": ["X1", "Y1", "b"], "unsolvable_polynomials": []}, "w12-0:dbl-2010-cln": {"coordinate_polynomials": [["Y", "X1^4 + 6*X1^2*a + a^2"], ["X", "X1^2 - a"]], "hard_polynomials": [], "easy_polynomials": ["X1^2 + a", "X1^2 + Y1 - a"], "name": "w12-0:dbl-2010-cln", "operation": "dbl", "form": "shortw", "coordinates": "w12-0", "ring_variables": ["X1", "Y1", "a"], "unsolvable_polynomials": []}, "projective-3:dbl-1998-cmo": {"coordinate_polynomials": [["Y", "27*X1^6 - 36*X1^3*Y1^2 - 81*X1^4 + 8*Y1^4 + 36*X1*Y1^2 + 81*X1^2 - 27"], ["X", "9*X1^4 - 8*X1*Y1^2 - 18*X1^2 + 9"]], "hard_polynomials": [], "easy_polynomials": ["3*X1^4 - 4*X1*Y1^2 - 6*X1^2 + 3", "X1 + 1", "X1 - 1"], "name": "projective-3:dbl-1998-cmo", "operation": "dbl", "form": "shortw", "coordinates": "projective-3", "ring_variables": ["X1", "Y1", "b"], "unsolvable_polynomials": []}, "projective-3:dbl-2007-bl-2": {"coordinate_polynomials": [["Y", "27*X1^6 - 36*X1^3*Y1^2 - 81*X1^4 + 8*Y1^4 + 36*X1*Y1^2 + 81*X1^2 - 27"], ["X", "9*X1^4 - 8*X1*Y1^2 - 18*X1^2 + 9"]], "hard_polynomials": [], "easy_polynomials": ["3*X1^4 - 4*X1*Y1^2 - 6*X1^2 + 3", "X1 + 1", "X1 - 1"], "name": "projective-3:dbl-2007-bl-2", "operation": "dbl", "form": "shortw", "coordinates": "projective-3", "ring_variables": ["X1", "Y1", "b"], "unsolvable_polynomials": []}, "projective-3:mdbl-2007-bl": {"coordinate_polynomials": [], "hard_polynomials": [], "easy_polynomials": [], "name": "projective-3:mdbl-2007-bl", "operation": "dbl", "form": "shortw", "coordinates": "projective-3", "ring_variables": ["X1", "Y1", "b"], "unsolvable_polynomials": []}, "projective-3:dbl-2015-rcb-3": {"coordinate_polynomials": [["Y", "9*X1^4 - Y1^4 - 18*X1^3*b + 54*X1^2 - 18*X1*b + 9*b^2 - 27"], ["X", "X1*Y1^2 + 9*X1^2 - 9*X1*b + 9"]], "hard_polynomials": [], "easy_polynomials": ["X1 - 1", "X1 + 1", "Y1^2 - 6*X1 + 3*b", "X1^2 - 2*X1*b + 3", "Y1^2 + 6*X1 - 3*b"], "name": "projective-3:dbl-2015-rcb-3", "operation": "dbl", "form": "shortw", "coordinates": "projective-3", "ring_variables": ["X1", "Y1", "b"], "unsolvable_polynomials": []}, "projective-3:dbl-2007-bl": {"coordinate_polynomials": [["Y", "27*X1^6 - 36*X1^3*Y1^2 - 81*X1^4 + 8*Y1^4 + 36*X1*Y1^2 + 81*X1^2 - 27"], ["X", "9*X1^4 - 8*X1*Y1^2 - 18*X1^2 + 9"]], "hard_polynomials": [], "easy_polynomials": ["3*X1^4 - 4*X1*Y1^2 - 6*X1^2 + 3", "X1 + 1", "X1 - 1"], "name": "projective-3:dbl-2007-bl", "operation": "dbl", "form": "shortw", "coordinates": "projective-3", "ring_variables": ["X1", "Y1", "b"], "unsolvable_polynomials": []}, "projective-3:dbl-1998-cmo-2": {"coordinate_polynomials": [["Y", "27*X1^6 - 36*X1^3*Y1^2 - 81*X1^4 + 8*Y1^4 + 36*X1*Y1^2 + 81*X1^2 - 27"], ["X", "9*X1^4 - 8*X1*Y1^2 - 18*X1^2 + 9"]], "hard_polynomials": [], "easy_polynomials": ["3*X1^4 - 4*X1*Y1^2 - 6*X1^2 + 3", "X1 + 1", "X1 - 1"], "name": "projective-3:dbl-1998-cmo-2", "operation": "dbl", "form": "shortw", "coordinates": "projective-3", "ring_variables": ["X1", "Y1", "b"], "unsolvable_polynomials": []}, "projective-3:dbl-2015-rcb": {"coordinate_polynomials": [["Y", "9*X1^4 - Y1^4 - 18*X1^3*b + 54*X1^2 - 18*X1*b + 9*b^2 - 27"], ["X", "X1*Y1^2 + 9*X1^2 - 9*X1*b + 9"]], "hard_polynomials": [], "easy_polynomials": ["X1 - 1", "X1 + 1", "Y1^2 - 6*X1 + 3*b", "X1^2 + 3", "X1^2 - 2*X1*b + 3", "Y1^2 + 6*X1 - 3*b"], "name": "projective-3:dbl-2015-rcb", "operation": "dbl", "form": "shortw", "coordinates": "projective-3", "ring_variables": ["X1", "Y1", "b"], "unsolvable_polynomials": []}}