{"modified:madd-2009-bl": {"coordinate_polynomials": [["Y", "X1^3*Y1 - 3*X1*X2^2*Y1 + 2*X2^3*Y1 - 2*X1^3*Y2 + 3*X1^2*X2*Y2 - X2^3*Y2 - Y1^3 + 3*Y1^2*Y2 - 3*Y1*Y2^2 + Y2^3"], ["X", "X1^3 - X1^2*X2 - X1*X2^2 + X2^3 - Y1^2 + 2*Y1*Y2 - Y2^2"]], "hard_polynomials": ["Y1 - Y2", "2*X1^3 - 3*X1^2*X2 + X2^3 - Y1^2 + 2*Y1*Y2 - Y2^2"], "easy_polynomials": [], "name": "modified:madd-2009-bl", "operation": "add", "form": "shortw", "coordinates": "modified", "ring_variables": ["X1", "X2", "Y1", "Y2", "a", "b"], "unsolvable_polynomials": ["X1 - X2"]}, "modified:mmadd-2009-bl": {"coordinate_polynomials": [["Y", "X1^3*Y1 - 3*X1*X2^2*Y1 + 2*X2^3*Y1 - 2*X1^3*Y2 + 3*X1^2*X2*Y2 - X2^3*Y2 - Y1^3 + 3*Y1^2*Y2 - 3*Y1*Y2^2 + Y2^3"], ["X", "X1^3 - X1^2*X2 - X1*X2^2 + X2^3 - Y1^2 + 2*Y1*Y2 - Y2^2"]], "hard_polynomials": ["Y1 - Y2", "2*X1^3 - 3*X1^2*X2 + X2^3 - Y1^2 + 2*Y1*Y2 - Y2^2", "X1 - X2 - 1"], "easy_polynomials": [], "name": "modified:mmadd-2009-bl", "operation": "add", "form": "shortw", "coordinates": "modified", "ring_variables": ["X1", "X2", "Y1", "Y2", "a", "b"], "unsolvable_polynomials": ["X1 - X2"]}, "modified:add-2009-bl": {"coordinate_polynomials": [["Y", "X1^3*Y1 - 3*X1*X2^2*Y1 + 2*X2^3*Y1 - 2*X1^3*Y2 + 3*X1^2*X2*Y2 - X2^3*Y2 - Y1^3 + 3*Y1^2*Y2 - 3*Y1*Y2^2 + Y2^3"], ["X", "X1^3 - X1^2*X2 - X1*X2^2 + X2^3 - Y1^2 + 2*Y1*Y2 - Y2^2"]], "hard_polynomials": ["Y1 - Y2", "2*X1^3 - 3*X1^2*X2 + X2^3 - Y1^2 + 2*Y1*Y2 - Y2^2"], "easy_polynomials": [], "name": "modified:add-2009-bl", "operation": "add", "form": "shortw", "coordinates": "modified", "ring_variables": ["X1", "X2", "Y1", "Y2", "a", "b"], "unsolvable_polynomials": ["X1 - X2"]}, "modified:add-1998-cmo-2": {"coordinate_polynomials": [["Y", "X1^3*Y1 - 3*X1*X2^2*Y1 + 2*X2^3*Y1 - 2*X1^3*Y2 + 3*X1^2*X2*Y2 - X2^3*Y2 - Y1^3 + 3*Y1^2*Y2 - 3*Y1*Y2^2 + Y2^3"], ["X", "X1^3 - X1^2*X2 - X1*X2^2 + X2^3 - Y1^2 + 2*Y1*Y2 - Y2^2"]], "hard_polynomials": ["Y1 - Y2", "2*X1^3 - 3*X1^2*X2 + X2^3 - Y1^2 + 2*Y1*Y2 - Y2^2"], "easy_polynomials": [], "name": "modified:add-1998-cmo-2", "operation": "add", "form": "shortw", "coordinates": "modified", "ring_variables": ["X1", "X2", "Y1", "Y2", "a", "b"], "unsolvable_polynomials": ["X1 - X2"]}, "xyzz-3:madd-2008-s": {"coordinate_polynomials": [["Y", "X1^3*Y1 - 3*X1*X2^2*Y1 + 2*X2^3*Y1 - 2*X1^3*Y2 + 3*X1^2*X2*Y2 - X2^3*Y2 - Y1^3 + 3*Y1^2*Y2 - 3*Y1*Y2^2 + Y2^3"], ["X", "X1^3 - X1^2*X2 - X1*X2^2 + X2^3 - Y1^2 + 2*Y1*Y2 - Y2^2"]], "hard_polynomials": ["Y1 - Y2", "2*X1^3 - 3*X1^2*X2 + X2^3 - Y1^2 + 2*Y1*Y2 - Y2^2"], "easy_polynomials": [], "name": "xyzz-3:madd-2008-s", "operation": "add", "form": "shortw", "coordinates": "xyzz-3", "ring_variables": ["X1", "X2", "Y1", "Y2", "b"], "unsolvable_polynomials": ["X1 - X2"]}, "xyzz-3:add-2008-s": {"coordinate_polynomials": [["Y", "X1^3*Y1 - 3*X1*X2^2*Y1 + 2*X2^3*Y1 - 2*X1^3*Y2 + 3*X1^2*X2*Y2 - X2^3*Y2 - Y1^3 + 3*Y1^2*Y2 - 3*Y1*Y2^2 + Y2^3"], ["X", "X1^3 - X1^2*X2 - X1*X2^2 + X2^3 - Y1^2 + 2*Y1*Y2 - Y2^2"]], "hard_polynomials": ["Y1 - Y2", "2*X1^3 - 3*X1^2*X2 + X2^3 - Y1^2 + 2*Y1*Y2 - Y2^2"], "easy_polynomials": [], "name": "xyzz-3:add-2008-s", "operation": "add", "form": "shortw", "coordinates": "xyzz-3", "ring_variables": ["X1", "X2", "Y1", "Y2", "b"], "unsolvable_polynomials": ["X1 - X2"]}, "xyzz-3:mmadd-2008-s": {"coordinate_polynomials": [["Y", "X1^3*Y1 - 3*X1*X2^2*Y1 + 2*X2^3*Y1 - 2*X1^3*Y2 + 3*X1^2*X2*Y2 - X2^3*Y2 - Y1^3 + 3*Y1^2*Y2 - 3*Y1*Y2^2 + Y2^3"], ["X", "X1^3 - X1^2*X2 - X1*X2^2 + X2^3 - Y1^2 + 2*Y1*Y2 - Y2^2"]], "hard_polynomials": ["Y1 - Y2", "2*X1^3 - 3*X1^2*X2 + X2^3 - Y1^2 + 2*Y1*Y2 - Y2^2"], "easy_polynomials": [], "name": "xyzz-3:mmadd-2008-s", "operation": "add", "form": "shortw", "coordinates": "xyzz-3", "ring_variables": ["X1", "X2", "Y1", "Y2", "b"], "unsolvable_polynomials": ["X1 - X2"]}, "xyzz:madd-2008-s": {"coordinate_polynomials": [["Y", "X1^3*Y1 - 3*X1*X2^2*Y1 + 2*X2^3*Y1 - 2*X1^3*Y2 + 3*X1^2*X2*Y2 - X2^3*Y2 - Y1^3 + 3*Y1^2*Y2 - 3*Y1*Y2^2 + Y2^3"], ["X", "X1^3 - X1^2*X2 - X1*X2^2 + X2^3 - Y1^2 + 2*Y1*Y2 - Y2^2"]], "hard_polynomials": ["Y1 - Y2", "2*X1^3 - 3*X1^2*X2 + X2^3 - Y1^2 + 2*Y1*Y2 - Y2^2"], "easy_polynomials": [], "name": "xyzz:madd-2008-s", "operation": "add", "form": "shortw", "coordinates": "xyzz", "ring_variables": ["X1", "X2", "Y1", "Y2", "a", "b"], "unsolvable_polynomials": ["X1 - X2"]}, "xyzz:add-2008-s": {"coordinate_polynomials": [["Y", "X1^3*Y1 - 3*X1*X2^2*Y1 + 2*X2^3*Y1 - 2*X1^3*Y2 + 3*X1^2*X2*Y2 - X2^3*Y2 - Y1^3 + 3*Y1^2*Y2 - 3*Y1*Y2^2 + Y2^3"], ["X", "X1^3 - X1^2*X2 - X1*X2^2 + X2^3 - Y1^2 + 2*Y1*Y2 - Y2^2"]], "hard_polynomials": ["Y1 - Y2", "2*X1^3 - 3*X1^2*X2 + X2^3 - Y1^2 + 2*Y1*Y2 - Y2^2"], "easy_polynomials": [], "name": "xyzz:add-2008-s", "operation": "add", "form": "shortw", "coordinates": "xyzz", "ring_variables": ["X1", "X2", "Y1", "Y2", "a", "b"], "unsolvable_polynomials": ["X1 - X2"]}, "xyzz:mmadd-2008-s": {"coordinate_polynomials": [["Y", "X1^3*Y1 - 3*X1*X2^2*Y1 + 2*X2^3*Y1 - 2*X1^3*Y2 + 3*X1^2*X2*Y2 - X2^3*Y2 - Y1^3 + 3*Y1^2*Y2 - 3*Y1*Y2^2 + Y2^3"], ["X", "X1^3 - X1^2*X2 - X1*X2^2 + X2^3 - Y1^2 + 2*Y1*Y2 - Y2^2"]], "hard_polynomials": ["Y1 - Y2", "2*X1^3 - 3*X1^2*X2 + X2^3 - Y1^2 + 2*Y1*Y2 - Y2^2"], "easy_polynomials": [], "name": "xyzz:mmadd-2008-s", "operation": "add", "form": "shortw", "coordinates": "xyzz", "ring_variables": ["X1", "X2", "Y1", "Y2", "a", "b"], "unsolvable_polynomials": ["X1 - X2"]}, "jacobian-3:add-2001-b": {"coordinate_polynomials": [["Y", "X1^3*Y1 - 3*X1*X2^2*Y1 + 2*X2^3*Y1 - 2*X1^3*Y2 + 3*X1^2*X2*Y2 - X2^3*Y2 - Y1^3 + 3*Y1^2*Y2 - 3*Y1*Y2^2 + Y2^3"], ["X", "X1^3 - X1^2*X2 - X1*X2^2 + X2^3 - Y1^2 + 2*Y1*Y2 - Y2^2"]], "hard_polynomials": ["Y1 - Y2", "2*X1^3 - 3*X1^2*X2 + X2^3 - Y1^2 + 2*Y1*Y2 - Y2^2"], "easy_polynomials": [], "name": "jacobian-3:add-2001-b", "operation": "add", "form": "shortw", "coordinates": "jacobian-3", "ring_variables": ["X1", "X2", "Y1", "Y2", "b"], "unsolvable_polynomials": ["X1 - X2"]}, "jacobian-3:mmadd-2007-bl": {"coordinate_polynomials": [["Y", "X1^3*Y1 - 3*X1*X2^2*Y1 + 2*X2^3*Y1 - 2*X1^3*Y2 + 3*X1^2*X2*Y2 - X2^3*Y2 - Y1^3 + 3*Y1^2*Y2 - 3*Y1*Y2^2 + Y2^3"], ["X", "X1^3 - X1^2*X2 - X1*X2^2 + X2^3 - Y1^2 + 2*Y1*Y2 - Y2^2"]], "hard_polynomials": ["Y1 - Y2", "2*X1^3 - 3*X1^2*X2 + X2^3 - Y1^2 + 2*Y1*Y2 - Y2^2"], "easy_polynomials": [], "name": "jacobian-3:mmadd-2007-bl", "operation": "add", "form": "shortw", "coordinates": "jacobian-3", "ring_variables": ["X1", "X2", "Y1", "Y2", "b"], "unsolvable_polynomials": ["X1 - X2"]}, "jacobian-3:madd": {"coordinate_polynomials": [["Y", "X1^3*Y1 - 3*X1*X2^2*Y1 + 2*X2^3*Y1 - 2*X1^3*Y2 + 3*X1^2*X2*Y2 - X2^3*Y2 - Y1^3 + 3*Y1^2*Y2 - 3*Y1*Y2^2 + Y2^3"], ["X", "X1^3 - X1^2*X2 - X1*X2^2 + X2^3 - Y1^2 + 2*Y1*Y2 - Y2^2"]], "hard_polynomials": ["Y1 - Y2", "2*X1^3 - 3*X1^2*X2 + X2^3 - Y1^2 + 2*Y1*Y2 - Y2^2"], "easy_polynomials": [], "name": "jacobian-3:madd", "operation": "add", "form": "shortw", "coordinates": "jacobian-3", "ring_variables": ["X1", "X2", "Y1", "Y2", "b"], "unsolvable_polynomials": ["X1 - X2"]}, "jacobian-3:madd-2004-hmv": {"coordinate_polynomials": [["Y", "X1^3*Y1 - 3*X1*X2^2*Y1 + 2*X2^3*Y1 - 2*X1^3*Y2 + 3*X1^2*X2*Y2 - X2^3*Y2 - Y1^3 + 3*Y1^2*Y2 - 3*Y1*Y2^2 + Y2^3"], ["X", "X1^3 - X1^2*X2 - X1*X2^2 + X2^3 - Y1^2 + 2*Y1*Y2 - Y2^2"]], "hard_polynomials": ["Y1 - Y2", "2*X1^3 - 3*X1^2*X2 + X2^3 - Y1^2 + 2*Y1*Y2 - Y2^2"], "easy_polynomials": [], "name": "jacobian-3:madd-2004-hmv", "operation": "add", "form": "shortw", "coordinates": "jacobian-3", "ring_variables": ["X1", "X2", "Y1", "Y2", "b"], "unsolvable_polynomials": ["X1 - X2"]}, "jacobian-3:zadd-2007-m": {"coordinate_polynomials": [["Y", "X1^3*Y1 - 3*X1*X2^2*Y1 + 2*X2^3*Y1 - 2*X1^3*Y2 + 3*X1^2*X2*Y2 - X2^3*Y2 - Y1^3 + 3*Y1^2*Y2 - 3*Y1*Y2^2 + Y2^3"], ["X", "X1^3 - X1^2*X2 - X1*X2^2 + X2^3 - Y1^2 + 2*Y1*Y2 - Y2^2"]], "hard_polynomials": ["Y1 - Y2", "2*X1^3 - 3*X1^2*X2 + X2^3 - Y1^2 + 2*Y1*Y2 - Y2^2"], "easy_polynomials": [], "name": "jacobian-3:zadd-2007-m", "operation": "add", "form": "shortw", "coordinates": "jacobian-3", "ring_variables": ["X1", "X2", "Y1", "Y2", "b"], "unsolvable_polynomials": ["X1 - X2"]}, "jacobian-3:add-1998-cmo-2": {"coordinate_polynomials": [["Y", "X1^3*Y1 - 3*X1*X2^2*Y1 + 2*X2^3*Y1 - 2*X1^3*Y2 + 3*X1^2*X2*Y2 - X2^3*Y2 - Y1^3 + 3*Y1^2*Y2 - 3*Y1*Y2^2 + Y2^3"], ["X", "X1^3 - X1^2*X2 - X1*X2^2 + X2^3 - Y1^2 + 2*Y1*Y2 - Y2^2"]], "hard_polynomials": ["Y1 - Y2", "2*X1^3 - 3*X1^2*X2 + X2^3 - Y1^2 + 2*Y1*Y2 - Y2^2"], "easy_polynomials": [], "name": "jacobian-3:add-1998-cmo-2", "operation": "add", "form": "shortw", "coordinates": "jacobian-3", "ring_variables": ["X1", "X2", "Y1", "Y2", "b"], "unsolvable_polynomials": ["X1 - X2"]}, "jacobian-3:madd-2008-g": {"coordinate_polynomials": [["Y", "X1^3*Y1 - 3*X1*X2^2*Y1 + 2*X2^3*Y1 - 2*X1^3*Y2 + 3*X1^2*X2*Y2 - X2^3*Y2 - Y1^3 + 3*Y1^2*Y2 - 3*Y1*Y2^2 + Y2^3"], ["X", "X1^3 - X1^2*X2 - X1*X2^2 + X2^3 - Y1^2 + 2*Y1*Y2 - Y2^2"]], "hard_polynomials": ["Y1 - Y2", "2*X1^3 - 3*X1^2*X2 + X2^3 - Y1^2 + 2*Y1*Y2 - Y2^2"], "easy_polynomials": [], "name": "jacobian-3:madd-2008-g", "operation": "add", "form": "shortw", "coordinates": "jacobian-3", "ring_variables": ["X1", "X2", "Y1", "Y2", "b"], "unsolvable_polynomials": ["X1 - X2"]}, "jacobian-3:add-1998-cmo": {"coordinate_polynomials": [["Y", "X1^3*Y1 - 3*X1*X2^2*Y1 + 2*X2^3*Y1 - 2*X1^3*Y2 + 3*X1^2*X2*Y2 - X2^3*Y2 - Y1^3 + 3*Y1^2*Y2 - 3*Y1*Y2^2 + Y2^3"], ["X", "X1^3 - X1^2*X2 - X1*X2^2 + X2^3 - Y1^2 + 2*Y1*Y2 - Y2^2"]], "hard_polynomials": ["Y1 - Y2", "2*X1^3 - 3*X1^2*X2 + X2^3 - Y1^2 + 2*Y1*Y2 - Y2^2"], "easy_polynomials": [], "name": "jacobian-3:add-1998-cmo", "operation": "add", "form": "shortw", "coordinates": "jacobian-3", "ring_variables": ["X1", "X2", "Y1", "Y2", "b"], "unsolvable_polynomials": ["X1 - X2"]}, "jacobian-3:madd-2007-bl": {"coordinate_polynomials": [["Y", "X1^3*Y1 - 3*X1*X2^2*Y1 + 2*X2^3*Y1 - 2*X1^3*Y2 + 3*X1^2*X2*Y2 - X2^3*Y2 - Y1^3 + 3*Y1^2*Y2 - 3*Y1*Y2^2 + Y2^3"], ["X", "X1^3 - X1^2*X2 - X1*X2^2 + X2^3 - Y1^2 + 2*Y1*Y2 - Y2^2"]], "hard_polynomials": ["Y1 - Y2", "2*X1^3 - 3*X1^2*X2 + X2^3 - Y1^2 + 2*Y1*Y2 - Y2^2"], "easy_polynomials": [], "name": "jacobian-3:madd-2007-bl", "operation": "add", "form": "shortw", "coordinates": "jacobian-3", "ring_variables": ["X1", "X2", "Y1", "Y2", "b"], "unsolvable_polynomials": ["X1 - X2"]}, "jacobian-3:add-1986-cc": {"coordinate_polynomials": [["Y", "X1^3*Y1 - 3*X1*X2^2*Y1 + 2*X2^3*Y1 - 2*X1^3*Y2 + 3*X1^2*X2*Y2 - X2^3*Y2 - Y1^3 + 3*Y1^2*Y2 - 3*Y1*Y2^2 + Y2^3"], ["X", "X1^3 - X1^2*X2 - X1*X2^2 + X2^3 - Y1^2 + 2*Y1*Y2 - Y2^2"]], "hard_polynomials": ["X1 + X2", "Y1 - Y2", "2*X1^3 - 3*X1^2*X2 + X2^3 - Y1^2 + 2*Y1*Y2 - Y2^2"], "easy_polynomials": [], "name": "jacobian-3:add-1986-cc", "operation": "add", "form": "shortw", "coordinates": "jacobian-3", "ring_variables": ["X1", "X2", "Y1", "Y2", "b"], "unsolvable_polynomials": ["X1 - X2"]}, "jacobian-3:add-2007-bl": {"coordinate_polynomials": [["Y", "X1^3*Y1 - 3*X1*X2^2*Y1 + 2*X2^3*Y1 - 2*X1^3*Y2 + 3*X1^2*X2*Y2 - X2^3*Y2 - Y1^3 + 3*Y1^2*Y2 - 3*Y1*Y2^2 + Y2^3"], ["X", "X1^3 - X1^2*X2 - X1*X2^2 + X2^3 - Y1^2 + 2*Y1*Y2 - Y2^2"]], "hard_polynomials": ["Y1 - Y2", "2*X1^3 - 3*X1^2*X2 + X2^3 - Y1^2 + 2*Y1*Y2 - Y2^2"], "easy_polynomials": [], "name": "jacobian-3:add-2007-bl", "operation": "add", "form": "shortw", "coordinates": "jacobian-3", "ring_variables": ["X1", "X2", "Y1", "Y2", "b"], "unsolvable_polynomials": ["X1 - X2"]}, "projective:add-2002-bj": {"coordinate_polynomials": [["X", "X1^4 + 2*X1^3*X2 + 3*X1^2*X2^2 + 2*X1*X2^3 + X2^4 - X1*Y1^2 - X2*Y1^2 - 2*X1*Y1*Y2 - 2*X2*Y1*Y2 - X1*Y2^2 - X2*Y2^2 + 2*X1^2*a + 2*X1*X2*a + 2*X2^2*a + a^2"], ["X", "Y1 + Y2"], ["Y", "2*X1^6 + 6*X1^5*X2 + 12*X1^4*X2^2 + 14*X1^3*X2^3 + 12*X1^2*X2^4 + 6*X1*X2^5 + 2*X2^6 - 3*X1^3*Y1^2 - 6*X1^2*X2*Y1^2 - 6*X1*X2^2*Y1^2 - 3*X2^3*Y1^2 - 6*X1^3*Y1*Y2 - 12*X1^2*X2*Y1*Y2 - 12*X1*X2^2*Y1*Y2 - 6*X2^3*Y1*Y2 - 3*X1^3*Y2^2 - 6*X1^2*X2*Y2^2 - 6*X1*X2^2*Y2^2 - 3*X2^3*Y2^2 + 6*X1^4*a + 12*X1^3*X2*a + 18*X1^2*X2^2*a + 12*X1*X2^3*a + 6*X2^4*a + Y1^4 + 4*Y1^3*Y2 + 6*Y1^2*Y2^2 + 4*Y1*Y2^3 + Y2^4 - 3*X1*Y1^2*a - 3*X2*Y1^2*a - 6*X1*Y1*Y2*a - 6*X2*Y1*Y2*a - 3*X1*Y2^2*a - 3*X2*Y2^2*a + 6*X1^2*a^2 + 6*X1*X2*a^2 + 6*X2^2*a^2 + 2*a^3"]], "hard_polynomials": ["X1 + X2", "X1^2 + X1*X2 + X2^2 + a", "2*X1^4 + 4*X1^3*X2 + 6*X1^2*X2^2 + 4*X1*X2^3 + 2*X2^4 - 3*X1*Y1^2 - 3*X2*Y1^2 - 6*X1*Y1*Y2 - 6*X2*Y1*Y2 - 3*X1*Y2^2 - 3*X2*Y2^2 + 4*X1^2*a + 4*X1*X2*a + 4*X2^2*a + 2*a^2"], "easy_polynomials": [], "name": "projective:add-2002-bj", "operation": "add", "form": "shortw", "coordinates": "projective", "ring_variables": ["X1", "X2", "Y1", "Y2", "a", "b"], "unsolvable_polynomials": ["X1 - X2"]}, "projective:mmadd-1998-cmo": {"coordinate_polynomials": [["Y", "X1^3*Y1 - 3*X1*X2^2*Y1 + 2*X2^3*Y1 - 2*X1^3*Y2 + 3*X1^2*X2*Y2 - X2^3*Y2 - Y1^3 + 3*Y1^2*Y2 - 3*Y1*Y2^2 + Y2^3"], ["X", "X1^3 - X1^2*X2 - X1*X2^2 + X2^3 - Y1^2 + 2*Y1*Y2 - Y2^2"]], "hard_polynomials": ["Y1 - Y2", "2*X1^3 - 3*X1^2*X2 + X2^3 - Y1^2 + 2*Y1*Y2 - Y2^2"], "easy_polynomials": [], "name": "projective:mmadd-1998-cmo", "operation": "add", "form": "shortw", "coordinates": "projective", "ring_variables": ["X1", "X2", "Y1", "Y2", "a", "b"], "unsolvable_polynomials": ["X1 - X2"]}, "projective:madd-1998-cmo": {"coordinate_polynomials": [["Y", "X1^3*Y1 - 3*X1*X2^2*Y1 + 2*X2^3*Y1 - 2*X1^3*Y2 + 3*X1^2*X2*Y2 - X2^3*Y2 - Y1^3 + 3*Y1^2*Y2 - 3*Y1*Y2^2 + Y2^3"], ["X", "X1^3 - X1^2*X2 - X1*X2^2 + X2^3 - Y1^2 + 2*Y1*Y2 - Y2^2"]], "hard_polynomials": ["Y1 - Y2", "2*X1^3 - 3*X1^2*X2 + X2^3 - Y1^2 + 2*Y1*Y2 - Y2^2"], "easy_polynomials": [], "name": "projective:madd-1998-cmo", "operation": "add", "form": "shortw", "coordinates": "projective", "ring_variables": ["X1", "X2", "Y1", "Y2", "a", "b"], "unsolvable_polynomials": ["X1 - X2"]}, "projective:add-1998-cmo-2": {"coordinate_polynomials": [["Y", "X1^3*Y1 - 3*X1*X2^2*Y1 + 2*X2^3*Y1 - 2*X1^3*Y2 + 3*X1^2*X2*Y2 - X2^3*Y2 - Y1^3 + 3*Y1^2*Y2 - 3*Y1*Y2^2 + Y2^3"], ["X", "X1^3 - X1^2*X2 - X1*X2^2 + X2^3 - Y1^2 + 2*Y1*Y2 - Y2^2"]], "hard_polynomials": ["Y1 - Y2", "2*X1^3 - 3*X1^2*X2 + X2^3 - Y1^2 + 2*Y1*Y2 - Y2^2"], "easy_polynomials": [], "name": "projective:add-1998-cmo-2", "operation": "add", "form": "shortw", "coordinates": "projective", "ring_variables": ["X1", "X2", "Y1", "Y2", "a", "b"], "unsolvable_polynomials": ["X1 - X2"]}, "projective:add-1998-cmo": {"coordinate_polynomials": [["Y", "X1^3*Y1 - 3*X1*X2^2*Y1 + 2*X2^3*Y1 - 2*X1^3*Y2 + 3*X1^2*X2*Y2 - X2^3*Y2 - Y1^3 + 3*Y1^2*Y2 - 3*Y1*Y2^2 + Y2^3"], ["X", "X1^3 - X1^2*X2 - X1*X2^2 + X2^3 - Y1^2 + 2*Y1*Y2 - Y2^2"]], "hard_polynomials": ["Y1 - Y2", "2*X1^3 - 3*X1^2*X2 + X2^3 - Y1^2 + 2*Y1*Y2 - Y2^2"], "easy_polynomials": [], "name": "projective:add-1998-cmo", "operation": "add", "form": "shortw", "coordinates": "projective", "ring_variables": ["X1", "X2", "Y1", "Y2", "a", "b"], "unsolvable_polynomials": ["X1 - X2"]}, "projective:add-2015-rcb": {"coordinate_polynomials": [["X", "X2*Y1^2*Y2 + X1*Y1*Y2^2 - 2*X1*X2*Y1*a - X2^2*Y1*a - X1^2*Y2*a - 2*X1*X2*Y2*a + Y1*a^2 + Y2*a^2 - 3*X1*Y1*b - 6*X2*Y1*b - 6*X1*Y2*b - 3*X2*Y2*b"], ["Y", "3*X1^2*X2^2*a + Y1^2*Y2^2 - X1^2*a^2 - 4*X1*X2*a^2 - X2^2*a^2 + 9*X1^2*X2*b + 9*X1*X2^2*b - a^3 - 3*X1*a*b - 3*X2*a*b - 9*b^2"], ["Z", "3*X1*X2^2*Y1 + 3*X1^2*X2*Y2 + Y1^2*Y2 + Y1*Y2^2 + X1*Y1*a + 2*X2*Y1*a + 2*X1*Y2*a + X2*Y2*a + 3*Y1*b + 3*Y2*b"]], "hard_polynomials": ["X2*Y1 + X1*Y2", "Y1*Y2 + X1*a + X2*a + 3*b", "X1 + X2", "Y1*Y2 - X1*a - X2*a - 3*b", "Y1 + Y2", "X1*X2*a - a^2 + 3*X1*b + 3*X2*b", "X1*X2 - a", "3*X1*X2 + a"], "easy_polynomials": ["Y2 + 1", "Y1 + 1", "X2 + Y2", "X1 + 1", "X2 + 1", "X1 + Y1"], "name": "projective:add-2015-rcb", "operation": "add", "form": "shortw", "coordinates": "projective", "ring_variables": ["X1", "X2", "Y1", "Y2", "a", "b"], "unsolvable_polynomials": ["X1 - X2"]}, "projective:add-2007-bl": {"coordinate_polynomials": [["X", "X1^4 + 2*X1^3*X2 + 3*X1^2*X2^2 + 2*X1*X2^3 + X2^4 - X1*Y1^2 - X2*Y1^2 - 2*X1*Y1*Y2 - 2*X2*Y1*Y2 - X1*Y2^2 - X2*Y2^2 + 2*X1^2*a + 2*X1*X2*a + 2*X2^2*a + a^2"], ["X", "Y1 + Y2"], ["Y", "2*X1^6 + 6*X1^5*X2 + 12*X1^4*X2^2 + 14*X1^3*X2^3 + 12*X1^2*X2^4 + 6*X1*X2^5 + 2*X2^6 - 3*X1^3*Y1^2 - 6*X1^2*X2*Y1^2 - 6*X1*X2^2*Y1^2 - 3*X2^3*Y1^2 - 6*X1^3*Y1*Y2 - 12*X1^2*X2*Y1*Y2 - 12*X1*X2^2*Y1*Y2 - 6*X2^3*Y1*Y2 - 3*X1^3*Y2^2 - 6*X1^2*X2*Y2^2 - 6*X1*X2^2*Y2^2 - 3*X2^3*Y2^2 + 6*X1^4*a + 12*X1^3*X2*a + 18*X1^2*X2^2*a + 12*X1*X2^3*a + 6*X2^4*a + Y1^4 + 4*Y1^3*Y2 + 6*Y1^2*Y2^2 + 4*Y1*Y2^3 + Y2^4 - 3*X1*Y1^2*a - 3*X2*Y1^2*a - 6*X1*Y1*Y2*a - 6*X2*Y1*Y2*a - 3*X1*Y2^2*a - 3*X2*Y2^2*a + 6*X1^2*a^2 + 6*X1*X2*a^2 + 6*X2^2*a^2 + 2*a^3"]], "hard_polynomials": ["X1 + X2", "X1^2 + X1*X2 + X2^2 + a", "2*X1^4 + 4*X1^3*X2 + 6*X1^2*X2^2 + 4*X1*X2^3 + 2*X2^4 - 3*X1*Y1^2 - 3*X2*Y1^2 - 6*X1*Y1*Y2 - 6*X2*Y1*Y2 - 3*X1*Y2^2 - 3*X2*Y2^2 + 4*X1^2*a + 4*X1*X2*a + 4*X2^2*a + 2*a^2"], "easy_polynomials": [], "name": "projective:add-2007-bl", "operation": "add", "form": "shortw", "coordinates": "projective", "ring_variables": ["X1", "X2", "Y1", "Y2", "a", "b"], "unsolvable_polynomials": ["X1 - X2"]}, "projective:madd-2015-rcb": {"coordinate_polynomials": [["X", "X2*Y1^2*Y2 + X1*Y1*Y2^2 - 2*X1*X2*Y1*a - X2^2*Y1*a - X1^2*Y2*a - 2*X1*X2*Y2*a + Y1*a^2 + Y2*a^2 - 3*X1*Y1*b - 6*X2*Y1*b - 6*X1*Y2*b - 3*X2*Y2*b"], ["Y", "3*X1^2*X2^2*a + Y1^2*Y2^2 - X1^2*a^2 - 4*X1*X2*a^2 - X2^2*a^2 + 9*X1^2*X2*b + 9*X1*X2^2*b - a^3 - 3*X1*a*b - 3*X2*a*b - 9*b^2"], ["Z", "3*X1*X2^2*Y1 + 3*X1^2*X2*Y2 + Y1^2*Y2 + Y1*Y2^2 + X1*Y1*a + 2*X2*Y1*a + 2*X1*Y2*a + X2*Y2*a + 3*Y1*b + 3*Y2*b"]], "hard_polynomials": ["X2*Y1 + X1*Y2", "Y1*Y2 + X1*a + X2*a + 3*b", "X1 + X2", "Y1*Y2 - X1*a - X2*a - 3*b", "Y1 + Y2", "X1*X2*a - a^2 + 3*X1*b + 3*X2*b", "X1*X2 - a", "3*X1*X2 + a"], "easy_polynomials": ["X1 + Y1", "X2 + Y2"], "name": "projective:madd-2015-rcb", "operation": "add", "form": "shortw", "coordinates": "projective", "ring_variables": ["X1", "X2", "Y1", "Y2", "a", "b"], "unsolvable_polynomials": ["X1 - X2"]}, "projective-1:add-2002-bj-2": {"coordinate_polynomials": [["X", "X1^4 + 2*X1^3*X2 + 3*X1^2*X2^2 + 2*X1*X2^3 + X2^4 - X1*Y1^2 - X2*Y1^2 - 2*X1*Y1*Y2 - 2*X2*Y1*Y2 - X1*Y2^2 - X2*Y2^2 - 2*X1^2 - 2*X1*X2 - 2*X2^2 + 1"], ["Y", "2*X1^6 + 6*X1^5*X2 + 12*X1^4*X2^2 + 14*X1^3*X2^3 + 12*X1^2*X2^4 + 6*X1*X2^5 + 2*X2^6 - 3*X1^3*Y1^2 - 6*X1^2*X2*Y1^2 - 6*X1*X2^2*Y1^2 - 3*X2^3*Y1^2 - 6*X1^3*Y1*Y2 - 12*X1^2*X2*Y1*Y2 - 12*X1*X2^2*Y1*Y2 - 6*X2^3*Y1*Y2 - 3*X1^3*Y2^2 - 6*X1^2*X2*Y2^2 - 6*X1*X2^2*Y2^2 - 3*X2^3*Y2^2 - 6*X1^4 - 12*X1^3*X2 - 18*X1^2*X2^2 - 12*X1*X2^3 - 6*X2^4 + Y1^4 + 4*Y1^3*Y2 + 6*Y1^2*Y2^2 + 4*Y1*Y2^3 + Y2^4 + 3*X1*Y1^2 + 3*X2*Y1^2 + 6*X1*Y1*Y2 + 6*X2*Y1*Y2 + 3*X1*Y2^2 + 3*X2*Y2^2 + 6*X1^2 + 6*X1*X2 + 6*X2^2 - 2"], ["X", "Y1 + Y2"]], "hard_polynomials": ["X1 + X2 - 1", "X1 + X2", "X1 + X2 + 1", "2*X1^4 + 4*X1^3*X2 + 6*X1^2*X2^2 + 4*X1*X2^3 + 2*X2^4 - 3*X1*Y1^2 - 3*X2*Y1^2 - 6*X1*Y1*Y2 - 6*X2*Y1*Y2 - 3*X1*Y2^2 - 3*X2*Y2^2 - 4*X1^2 - 4*X1*X2 - 4*X2^2 + 2", "X1^2 + X1*X2 + X2^2 - 1"], "easy_polynomials": [], "name": "projective-1:add-2002-bj-2", "operation": "add", "form": "shortw", "coordinates": "projective-1", "ring_variables": ["X1", "X2", "Y1", "Y2", "b"], "unsolvable_polynomials": ["X1 - X2"]}, "projective-1:add-2002-bj": {"coordinate_polynomials": [["X", "X1^4 + 2*X1^3*X2 + 3*X1^2*X2^2 + 2*X1*X2^3 + X2^4 - X1*Y1^2 - X2*Y1^2 - 2*X1*Y1*Y2 - 2*X2*Y1*Y2 - X1*Y2^2 - X2*Y2^2 - 2*X1^2 - 2*X1*X2 - 2*X2^2 + 1"], ["Y", "2*X1^6 + 6*X1^5*X2 + 12*X1^4*X2^2 + 14*X1^3*X2^3 + 12*X1^2*X2^4 + 6*X1*X2^5 + 2*X2^6 - 3*X1^3*Y1^2 - 6*X1^2*X2*Y1^2 - 6*X1*X2^2*Y1^2 - 3*X2^3*Y1^2 - 6*X1^3*Y1*Y2 - 12*X1^2*X2*Y1*Y2 - 12*X1*X2^2*Y1*Y2 - 6*X2^3*Y1*Y2 - 3*X1^3*Y2^2 - 6*X1^2*X2*Y2^2 - 6*X1*X2^2*Y2^2 - 3*X2^3*Y2^2 - 6*X1^4 - 12*X1^3*X2 - 18*X1^2*X2^2 - 12*X1*X2^3 - 6*X2^4 + Y1^4 + 4*Y1^3*Y2 + 6*Y1^2*Y2^2 + 4*Y1*Y2^3 + Y2^4 + 3*X1*Y1^2 + 3*X2*Y1^2 + 6*X1*Y1*Y2 + 6*X2*Y1*Y2 + 3*X1*Y2^2 + 3*X2*Y2^2 + 6*X1^2 + 6*X1*X2 + 6*X2^2 - 2"], ["X", "Y1 + Y2"]], "hard_polynomials": ["X1 + X2", "2*X1^4 + 4*X1^3*X2 + 6*X1^2*X2^2 + 4*X1*X2^3 + 2*X2^4 - 3*X1*Y1^2 - 3*X2*Y1^2 - 6*X1*Y1*Y2 - 6*X2*Y1*Y2 - 3*X1*Y2^2 - 3*X2*Y2^2 - 4*X1^2 - 4*X1*X2 - 4*X2^2 + 2", "X1^2 + X1*X2 + X2^2 - 1"], "easy_polynomials": [], "name": "projective-1:add-2002-bj", "operation": "add", "form": "shortw", "coordinates": "projective-1", "ring_variables": ["X1", "X2", "Y1", "Y2", "b"], "unsolvable_polynomials": ["X1 - X2"]}, "projective-1:mmadd-1998-cmo": {"coordinate_polynomials": [["Y", "X1^3*Y1 - 3*X1*X2^2*Y1 + 2*X2^3*Y1 - 2*X1^3*Y2 + 3*X1^2*X2*Y2 - X2^3*Y2 - Y1^3 + 3*Y1^2*Y2 - 3*Y1*Y2^2 + Y2^3"], ["X", "X1^3 - X1^2*X2 - X1*X2^2 + X2^3 - Y1^2 + 2*Y1*Y2 - Y2^2"]], "hard_polynomials": ["Y1 - Y2", "2*X1^3 - 3*X1^2*X2 + X2^3 - Y1^2 + 2*Y1*Y2 - Y2^2"], "easy_polynomials": [], "name": "projective-1:mmadd-1998-cmo", "operation": "add", "form": "shortw", "coordinates": "projective-1", "ring_variables": ["X1", "X2", "Y1", "Y2", "b"], "unsolvable_polynomials": ["X1 - X2"]}, "projective-1:madd-1998-cmo": {"coordinate_polynomials": [["Y", "X1^3*Y1 - 3*X1*X2^2*Y1 + 2*X2^3*Y1 - 2*X1^3*Y2 + 3*X1^2*X2*Y2 - X2^3*Y2 - Y1^3 + 3*Y1^2*Y2 - 3*Y1*Y2^2 + Y2^3"], ["X", "X1^3 - X1^2*X2 - X1*X2^2 + X2^3 - Y1^2 + 2*Y1*Y2 - Y2^2"]], "hard_polynomials": ["Y1 - Y2", "2*X1^3 - 3*X1^2*X2 + X2^3 - Y1^2 + 2*Y1*Y2 - Y2^2"], "easy_polynomials": [], "name": "projective-1:madd-1998-cmo", "operation": "add", "form": "shortw", "coordinates": "projective-1", "ring_variables": ["X1", "X2", "Y1", "Y2", "b"], "unsolvable_polynomials": ["X1 - X2"]}, "projective-1:add-1998-cmo-2": {"coordinate_polynomials": [["Y", "X1^3*Y1 - 3*X1*X2^2*Y1 + 2*X2^3*Y1 - 2*X1^3*Y2 + 3*X1^2*X2*Y2 - X2^3*Y2 - Y1^3 + 3*Y1^2*Y2 - 3*Y1*Y2^2 + Y2^3"], ["X", "X1^3 - X1^2*X2 - X1*X2^2 + X2^3 - Y1^2 + 2*Y1*Y2 - Y2^2"]], "hard_polynomials": ["Y1 - Y2", "2*X1^3 - 3*X1^2*X2 + X2^3 - Y1^2 + 2*Y1*Y2 - Y2^2"], "easy_polynomials": [], "name": "projective-1:add-1998-cmo-2", "operation": "add", "form": "shortw", "coordinates": "projective-1", "ring_variables": ["X1", "X2", "Y1", "Y2", "b"], "unsolvable_polynomials": ["X1 - X2"]}, "projective-1:add-1998-cmo": {"coordinate_polynomials": [["Y", "X1^3*Y1 - 3*X1*X2^2*Y1 + 2*X2^3*Y1 - 2*X1^3*Y2 + 3*X1^2*X2*Y2 - X2^3*Y2 - Y1^3 + 3*Y1^2*Y2 - 3*Y1*Y2^2 + Y2^3"], ["X", "X1^3 - X1^2*X2 - X1*X2^2 + X2^3 - Y1^2 + 2*Y1*Y2 - Y2^2"]], "hard_polynomials": ["Y1 - Y2", "2*X1^3 - 3*X1^2*X2 + X2^3 - Y1^2 + 2*Y1*Y2 - Y2^2"], "easy_polynomials": [], "name": "projective-1:add-1998-cmo", "operation": "add", "form": "shortw", "coordinates": "projective-1", "ring_variables": ["X1", "X2", "Y1", "Y2", "b"], "unsolvable_polynomials": ["X1 - X2"]}, "projective-1:add-2015-rcb": {"coordinate_polynomials": [["X", "X2*Y1^2*Y2 + X1*Y1*Y2^2 + 2*X1*X2*Y1 + X2^2*Y1 + X1^2*Y2 + 2*X1*X2*Y2 - 3*X1*Y1*b - 6*X2*Y1*b - 6*X1*Y2*b - 3*X2*Y2*b + Y1 + Y2"], ["Y", "3*X1^2*X2^2 - Y1^2*Y2^2 - 9*X1^2*X2*b - 9*X1*X2^2*b + X1^2 + 4*X1*X2 + X2^2 - 3*X1*b - 3*X2*b + 9*b^2 - 1"], ["Z", "3*X1*X2^2*Y1 + 3*X1^2*X2*Y2 + Y1^2*Y2 + Y1*Y2^2 - X1*Y1 - 2*X2*Y1 - 2*X1*Y2 - X2*Y2 + 3*Y1*b + 3*Y2*b"]], "hard_polynomials": ["X2*Y1 + X1*Y2", "Y1*Y2 + X1 + X2 - 3*b", "X1*X2 - 3*X1*b - 3*X2*b + 1", "X1 + X2", "X1*X2 + 1", "Y1 + Y2", "3*X1*X2 - 1", "Y1*Y2 - X1 - X2 + 3*b"], "easy_polynomials": ["Y2 + 1", "Y1 + 1", "X2 + Y2", "X1 + 1", "X2 + 1", "X1 + Y1"], "name": "projective-1:add-2015-rcb", "operation": "add", "form": "shortw", "coordinates": "projective-1", "ring_variables": ["X1", "X2", "Y1", "Y2", "b"], "unsolvable_polynomials": ["X1 - X2"]}, "projective-1:add-2007-bl": {"coordinate_polynomials": [["X", "X1^4 + 2*X1^3*X2 + 3*X1^2*X2^2 + 2*X1*X2^3 + X2^4 - X1*Y1^2 - X2*Y1^2 - 2*X1*Y1*Y2 - 2*X2*Y1*Y2 - X1*Y2^2 - X2*Y2^2 - 2*X1^2 - 2*X1*X2 - 2*X2^2 + 1"], ["Y", "2*X1^6 + 6*X1^5*X2 + 12*X1^4*X2^2 + 14*X1^3*X2^3 + 12*X1^2*X2^4 + 6*X1*X2^5 + 2*X2^6 - 3*X1^3*Y1^2 - 6*X1^2*X2*Y1^2 - 6*X1*X2^2*Y1^2 - 3*X2^3*Y1^2 - 6*X1^3*Y1*Y2 - 12*X1^2*X2*Y1*Y2 - 12*X1*X2^2*Y1*Y2 - 6*X2^3*Y1*Y2 - 3*X1^3*Y2^2 - 6*X1^2*X2*Y2^2 - 6*X1*X2^2*Y2^2 - 3*X2^3*Y2^2 - 6*X1^4 - 12*X1^3*X2 - 18*X1^2*X2^2 - 12*X1*X2^3 - 6*X2^4 + Y1^4 + 4*Y1^3*Y2 + 6*Y1^2*Y2^2 + 4*Y1*Y2^3 + Y2^4 + 3*X1*Y1^2 + 3*X2*Y1^2 + 6*X1*Y1*Y2 + 6*X2*Y1*Y2 + 3*X1*Y2^2 + 3*X2*Y2^2 + 6*X1^2 + 6*X1*X2 + 6*X2^2 - 2"], ["X", "Y1 + Y2"]], "hard_polynomials": ["X1 + X2", "2*X1^4 + 4*X1^3*X2 + 6*X1^2*X2^2 + 4*X1*X2^3 + 2*X2^4 - 3*X1*Y1^2 - 3*X2*Y1^2 - 6*X1*Y1*Y2 - 6*X2*Y1*Y2 - 3*X1*Y2^2 - 3*X2*Y2^2 - 4*X1^2 - 4*X1*X2 - 4*X2^2 + 2", "X1^2 + X1*X2 + X2^2 - 1"], "easy_polynomials": [], "name": "projective-1:add-2007-bl", "operation": "add", "form": "shortw", "coordinates": "projective-1", "ring_variables": ["X1", "X2", "Y1", "Y2", "b"], "unsolvable_polynomials": ["X1 - X2"]}, "projective-1:madd-2015-rcb": {"coordinate_polynomials": [["X", "X2*Y1^2*Y2 + X1*Y1*Y2^2 + 2*X1*X2*Y1 + X2^2*Y1 + X1^2*Y2 + 2*X1*X2*Y2 - 3*X1*Y1*b - 6*X2*Y1*b - 6*X1*Y2*b - 3*X2*Y2*b + Y1 + Y2"], ["Y", "3*X1^2*X2^2 - Y1^2*Y2^2 - 9*X1^2*X2*b - 9*X1*X2^2*b + X1^2 + 4*X1*X2 + X2^2 - 3*X1*b - 3*X2*b + 9*b^2 - 1"], ["Z", "3*X1*X2^2*Y1 + 3*X1^2*X2*Y2 + Y1^2*Y2 + Y1*Y2^2 - X1*Y1 - 2*X2*Y1 - 2*X1*Y2 - X2*Y2 + 3*Y1*b + 3*Y2*b"]], "hard_polynomials": ["X2*Y1 + X1*Y2", "Y1*Y2 + X1 + X2 - 3*b", "X1*X2 - 3*X1*b - 3*X2*b + 1", "X1*X2 + 1", "X1 + X2", "Y1 + Y2", "3*X1*X2 - 1", "Y1*Y2 - X1 - X2 + 3*b"], "easy_polynomials": ["X1 + Y1", "X2 + Y2"], "name": "projective-1:madd-2015-rcb", "operation": "add", "form": "shortw", "coordinates": "projective-1", "ring_variables": ["X1", "X2", "Y1", "Y2", "b"], "unsolvable_polynomials": ["X1 - X2"]}, "jacobian:add-2001-b": {"coordinate_polynomials": [["Y", "X1^3*Y1 - 3*X1*X2^2*Y1 + 2*X2^3*Y1 - 2*X1^3*Y2 + 3*X1^2*X2*Y2 - X2^3*Y2 - Y1^3 + 3*Y1^2*Y2 - 3*Y1*Y2^2 + Y2^3"], ["X", "X1^3 - X1^2*X2 - X1*X2^2 + X2^3 - Y1^2 + 2*Y1*Y2 - Y2^2"]], "hard_polynomials": ["Y1 - Y2", "2*X1^3 - 3*X1^2*X2 + X2^3 - Y1^2 + 2*Y1*Y2 - Y2^2"], "easy_polynomials": [], "name": "jacobian:add-2001-b", "operation": "add", "form": "shortw", "coordinates": "jacobian", "ring_variables": ["X1", "X2", "Y1", "Y2", "a", "b"], "unsolvable_polynomials": ["X1 - X2"]}, "jacobian:mmadd-2007-bl": {"coordinate_polynomials": [["Y", "X1^3*Y1 - 3*X1*X2^2*Y1 + 2*X2^3*Y1 - 2*X1^3*Y2 + 3*X1^2*X2*Y2 - X2^3*Y2 - Y1^3 + 3*Y1^2*Y2 - 3*Y1*Y2^2 + Y2^3"], ["X", "X1^3 - X1^2*X2 - X1*X2^2 + X2^3 - Y1^2 + 2*Y1*Y2 - Y2^2"]], "hard_polynomials": ["Y1 - Y2", "2*X1^3 - 3*X1^2*X2 + X2^3 - Y1^2 + 2*Y1*Y2 - Y2^2"], "easy_polynomials": [], "name": "jacobian:mmadd-2007-bl", "operation": "add", "form": "shortw", "coordinates": "jacobian", "ring_variables": ["X1", "X2", "Y1", "Y2", "a", "b"], "unsolvable_polynomials": ["X1 - X2"]}, "jacobian:madd": {"coordinate_polynomials": [["Y", "X1^3*Y1 - 3*X1*X2^2*Y1 + 2*X2^3*Y1 - 2*X1^3*Y2 + 3*X1^2*X2*Y2 - X2^3*Y2 - Y1^3 + 3*Y1^2*Y2 - 3*Y1*Y2^2 + Y2^3"], ["X", "X1^3 - X1^2*X2 - X1*X2^2 + X2^3 - Y1^2 + 2*Y1*Y2 - Y2^2"]], "hard_polynomials": ["Y1 - Y2", "2*X1^3 - 3*X1^2*X2 + X2^3 - Y1^2 + 2*Y1*Y2 - Y2^2"], "easy_polynomials": [], "name": "jacobian:madd", "operation": "add", "form": "shortw", "coordinates": "jacobian", "ring_variables": ["X1", "X2", "Y1", "Y2", "a", "b"], "unsolvable_polynomials": ["X1 - X2"]}, "jacobian:madd-2004-hmv": {"coordinate_polynomials": [["Y", "X1^3*Y1 - 3*X1*X2^2*Y1 + 2*X2^3*Y1 - 2*X1^3*Y2 + 3*X1^2*X2*Y2 - X2^3*Y2 - Y1^3 + 3*Y1^2*Y2 - 3*Y1*Y2^2 + Y2^3"], ["X", "X1^3 - X1^2*X2 - X1*X2^2 + X2^3 - Y1^2 + 2*Y1*Y2 - Y2^2"]], "hard_polynomials": ["Y1 - Y2", "2*X1^3 - 3*X1^2*X2 + X2^3 - Y1^2 + 2*Y1*Y2 - Y2^2"], "easy_polynomials": [], "name": "jacobian:madd-2004-hmv", "operation": "add", "form": "shortw", "coordinates": "jacobian", "ring_variables": ["X1", "X2", "Y1", "Y2", "a", "b"], "unsolvable_polynomials": ["X1 - X2"]}, "jacobian:zadd-2007-m": {"coordinate_polynomials": [["Y", "X1^3*Y1 - 3*X1*X2^2*Y1 + 2*X2^3*Y1 - 2*X1^3*Y2 + 3*X1^2*X2*Y2 - X2^3*Y2 - Y1^3 + 3*Y1^2*Y2 - 3*Y1*Y2^2 + Y2^3"], ["X", "X1^3 - X1^2*X2 - X1*X2^2 + X2^3 - Y1^2 + 2*Y1*Y2 - Y2^2"]], "hard_polynomials": ["Y1 - Y2", "2*X1^3 - 3*X1^2*X2 + X2^3 - Y1^2 + 2*Y1*Y2 - Y2^2"], "easy_polynomials": [], "name": "jacobian:zadd-2007-m", "operation": "add", "form": "shortw", "coordinates": "jacobian", "ring_variables": ["X1", "X2", "Y1", "Y2", "a", "b"], "unsolvable_polynomials": ["X1 - X2"]}, "jacobian:add-1998-cmo-2": {"coordinate_polynomials": [["Y", "X1^3*Y1 - 3*X1*X2^2*Y1 + 2*X2^3*Y1 - 2*X1^3*Y2 + 3*X1^2*X2*Y2 - X2^3*Y2 - Y1^3 + 3*Y1^2*Y2 - 3*Y1*Y2^2 + Y2^3"], ["X", "X1^3 - X1^2*X2 - X1*X2^2 + X2^3 - Y1^2 + 2*Y1*Y2 - Y2^2"]], "hard_polynomials": ["Y1 - Y2", "2*X1^3 - 3*X1^2*X2 + X2^3 - Y1^2 + 2*Y1*Y2 - Y2^2"], "easy_polynomials": [], "name": "jacobian:add-1998-cmo-2", "operation": "add", "form": "shortw", "coordinates": "jacobian", "ring_variables": ["X1", "X2", "Y1", "Y2", "a", "b"], "unsolvable_polynomials": ["X1 - X2"]}, "jacobian:madd-2008-g": {"coordinate_polynomials": [["Y", "X1^3*Y1 - 3*X1*X2^2*Y1 + 2*X2^3*Y1 - 2*X1^3*Y2 + 3*X1^2*X2*Y2 - X2^3*Y2 - Y1^3 + 3*Y1^2*Y2 - 3*Y1*Y2^2 + Y2^3"], ["X", "X1^3 - X1^2*X2 - X1*X2^2 + X2^3 - Y1^2 + 2*Y1*Y2 - Y2^2"]], "hard_polynomials": ["Y1 - Y2", "2*X1^3 - 3*X1^2*X2 + X2^3 - Y1^2 + 2*Y1*Y2 - Y2^2"], "easy_polynomials": [], "name": "jacobian:madd-2008-g", "operation": "add", "form": "shortw", "coordinates": "jacobian", "ring_variables": ["X1", "X2", "Y1", "Y2", "a", "b"], "unsolvable_polynomials": ["X1 - X2"]}, "jacobian:add-1998-cmo": {"coordinate_polynomials": [["Y", "X1^3*Y1 - 3*X1*X2^2*Y1 + 2*X2^3*Y1 - 2*X1^3*Y2 + 3*X1^2*X2*Y2 - X2^3*Y2 - Y1^3 + 3*Y1^2*Y2 - 3*Y1*Y2^2 + Y2^3"], ["X", "X1^3 - X1^2*X2 - X1*X2^2 + X2^3 - Y1^2 + 2*Y1*Y2 - Y2^2"]], "hard_polynomials": ["Y1 - Y2", "2*X1^3 - 3*X1^2*X2 + X2^3 - Y1^2 + 2*Y1*Y2 - Y2^2"], "easy_polynomials": [], "name": "jacobian:add-1998-cmo", "operation": "add", "form": "shortw", "coordinates": "jacobian", "ring_variables": ["X1", "X2", "Y1", "Y2", "a", "b"], "unsolvable_polynomials": ["X1 - X2"]}, "jacobian:madd-2007-bl": {"coordinate_polynomials": [["Y", "X1^3*Y1 - 3*X1*X2^2*Y1 + 2*X2^3*Y1 - 2*X1^3*Y2 + 3*X1^2*X2*Y2 - X2^3*Y2 - Y1^3 + 3*Y1^2*Y2 - 3*Y1*Y2^2 + Y2^3"], ["X", "X1^3 - X1^2*X2 - X1*X2^2 + X2^3 - Y1^2 + 2*Y1*Y2 - Y2^2"]], "hard_polynomials": ["Y1 - Y2", "2*X1^3 - 3*X1^2*X2 + X2^3 - Y1^2 + 2*Y1*Y2 - Y2^2"], "easy_polynomials": [], "name": "jacobian:madd-2007-bl", "operation": "add", "form": "shortw", "coordinates": "jacobian", "ring_variables": ["X1", "X2", "Y1", "Y2", "a", "b"], "unsolvable_polynomials": ["X1 - X2"]}, "jacobian:add-1986-cc": {"coordinate_polynomials": [["Y", "X1^3*Y1 - 3*X1*X2^2*Y1 + 2*X2^3*Y1 - 2*X1^3*Y2 + 3*X1^2*X2*Y2 - X2^3*Y2 - Y1^3 + 3*Y1^2*Y2 - 3*Y1*Y2^2 + Y2^3"], ["X", "X1^3 - X1^2*X2 - X1*X2^2 + X2^3 - Y1^2 + 2*Y1*Y2 - Y2^2"]], "hard_polynomials": ["X1 + X2", "Y1 - Y2", "2*X1^3 - 3*X1^2*X2 + X2^3 - Y1^2 + 2*Y1*Y2 - Y2^2"], "easy_polynomials": [], "name": "jacobian:add-1986-cc", "operation": "add", "form": "shortw", "coordinates": "jacobian", "ring_variables": ["X1", "X2", "Y1", "Y2", "a", "b"], "unsolvable_polynomials": ["X1 - X2"]}, "jacobian:add-2007-bl": {"coordinate_polynomials": [["Y", "X1^3*Y1 - 3*X1*X2^2*Y1 + 2*X2^3*Y1 - 2*X1^3*Y2 + 3*X1^2*X2*Y2 - X2^3*Y2 - Y1^3 + 3*Y1^2*Y2 - 3*Y1*Y2^2 + Y2^3"], ["X", "X1^3 - X1^2*X2 - X1*X2^2 + X2^3 - Y1^2 + 2*Y1*Y2 - Y2^2"]], "hard_polynomials": ["Y1 - Y2", "2*X1^3 - 3*X1^2*X2 + X2^3 - Y1^2 + 2*Y1*Y2 - Y2^2"], "easy_polynomials": [], "name": "jacobian:add-2007-bl", "operation": "add", "form": "shortw", "coordinates": "jacobian", "ring_variables": ["X1", "X2", "Y1", "Y2", "a", "b"], "unsolvable_polynomials": ["X1 - X2"]}, "jacobian-0:add-2001-b": {"coordinate_polynomials": [["Y", "X1^3*Y1 - 3*X1*X2^2*Y1 + 2*X2^3*Y1 - 2*X1^3*Y2 + 3*X1^2*X2*Y2 - X2^3*Y2 - Y1^3 + 3*Y1^2*Y2 - 3*Y1*Y2^2 + Y2^3"], ["X", "X1^3 - X1^2*X2 - X1*X2^2 + X2^3 - Y1^2 + 2*Y1*Y2 - Y2^2"]], "hard_polynomials": ["2*X1^3 - 3*X1^2*X2 + X2^3 - Y1^2 + 2*Y1*Y2 - Y2^2"], "easy_polynomials": [], "name": "jacobian-0:add-2001-b", "operation": "add", "form": "shortw", "coordinates": "jacobian-0", "ring_variables": ["X1", "X2", "Y1", "Y2", "b"], "unsolvable_polynomials": ["Y1 - Y2", "Y1 + Y2"]}, "jacobian-0:mmadd-2007-bl": {"coordinate_polynomials": [["Y", "X1^3*Y1 - 3*X1*X2^2*Y1 + 2*X2^3*Y1 - 2*X1^3*Y2 + 3*X1^2*X2*Y2 - X2^3*Y2 - Y1^3 + 3*Y1^2*Y2 - 3*Y1*Y2^2 + Y2^3"], ["X", "X1^3 - X1^2*X2 - X1*X2^2 + X2^3 - Y1^2 + 2*Y1*Y2 - Y2^2"]], "hard_polynomials": ["2*X1^3 - 3*X1^2*X2 + X2^3 - Y1^2 + 2*Y1*Y2 - Y2^2"], "easy_polynomials": [], "name": "jacobian-0:mmadd-2007-bl", "operation": "add", "form": "shortw", "coordinates": "jacobian-0", "ring_variables": ["X1", "X2", "Y1", "Y2", "b"], "unsolvable_polynomials": ["Y1 - Y2", "Y1 + Y2"]}, "jacobian-0:madd": {"coordinate_polynomials": [["Y", "X1^3*Y1 - 3*X1*X2^2*Y1 + 2*X2^3*Y1 - 2*X1^3*Y2 + 3*X1^2*X2*Y2 - X2^3*Y2 - Y1^3 + 3*Y1^2*Y2 - 3*Y1*Y2^2 + Y2^3"], ["X", "X1^3 - X1^2*X2 - X1*X2^2 + X2^3 - Y1^2 + 2*Y1*Y2 - Y2^2"]], "hard_polynomials": ["2*X1^3 - 3*X1^2*X2 + X2^3 - Y1^2 + 2*Y1*Y2 - Y2^2"], "easy_polynomials": [], "name": "jacobian-0:madd", "operation": "add", "form": "shortw", "coordinates": "jacobian-0", "ring_variables": ["X1", "X2", "Y1", "Y2", "b"], "unsolvable_polynomials": ["Y1 - Y2", "Y1 + Y2"]}, "jacobian-0:madd-2004-hmv": {"coordinate_polynomials": [["Y", "X1^3*Y1 - 3*X1*X2^2*Y1 + 2*X2^3*Y1 - 2*X1^3*Y2 + 3*X1^2*X2*Y2 - X2^3*Y2 - Y1^3 + 3*Y1^2*Y2 - 3*Y1*Y2^2 + Y2^3"], ["X", "X1^3 - X1^2*X2 - X1*X2^2 + X2^3 - Y1^2 + 2*Y1*Y2 - Y2^2"]], "hard_polynomials": ["2*X1^3 - 3*X1^2*X2 + X2^3 - Y1^2 + 2*Y1*Y2 - Y2^2"], "easy_polynomials": [], "name": "jacobian-0:madd-2004-hmv", "operation": "add", "form": "shortw", "coordinates": "jacobian-0", "ring_variables": ["X1", "X2", "Y1", "Y2", "b"], "unsolvable_polynomials": ["Y1 - Y2", "Y1 + Y2"]}, "jacobian-0:zadd-2007-m": {"coordinate_polynomials": [["Y", "X1^3*Y1 - 3*X1*X2^2*Y1 + 2*X2^3*Y1 - 2*X1^3*Y2 + 3*X1^2*X2*Y2 - X2^3*Y2 - Y1^3 + 3*Y1^2*Y2 - 3*Y1*Y2^2 + Y2^3"], ["X", "X1^3 - X1^2*X2 - X1*X2^2 + X2^3 - Y1^2 + 2*Y1*Y2 - Y2^2"]], "hard_polynomials": ["2*X1^3 - 3*X1^2*X2 + X2^3 - Y1^2 + 2*Y1*Y2 - Y2^2"], "easy_polynomials": [], "name": "jacobian-0:zadd-2007-m", "operation": "add", "form": "shortw", "coordinates": "jacobian-0", "ring_variables": ["X1", "X2", "Y1", "Y2", "b"], "unsolvable_polynomials": ["Y1 - Y2", "Y1 + Y2"]}, "jacobian-0:add-1998-cmo-2": {"coordinate_polynomials": [["Y", "X1^3*Y1 - 3*X1*X2^2*Y1 + 2*X2^3*Y1 - 2*X1^3*Y2 + 3*X1^2*X2*Y2 - X2^3*Y2 - Y1^3 + 3*Y1^2*Y2 - 3*Y1*Y2^2 + Y2^3"], ["X", "X1^3 - X1^2*X2 - X1*X2^2 + X2^3 - Y1^2 + 2*Y1*Y2 - Y2^2"]], "hard_polynomials": ["2*X1^3 - 3*X1^2*X2 + X2^3 - Y1^2 + 2*Y1*Y2 - Y2^2"], "easy_polynomials": [], "name": "jacobian-0:add-1998-cmo-2", "operation": "add", "form": "shortw", "coordinates": "jacobian-0", "ring_variables": ["X1", "X2", "Y1", "Y2", "b"], "unsolvable_polynomials": ["Y1 - Y2", "Y1 + Y2"]}, "jacobian-0:madd-2008-g": {"coordinate_polynomials": [["Y", "X1^3*Y1 - 3*X1*X2^2*Y1 + 2*X2^3*Y1 - 2*X1^3*Y2 + 3*X1^2*X2*Y2 - X2^3*Y2 - Y1^3 + 3*Y1^2*Y2 - 3*Y1*Y2^2 + Y2^3"], ["X", "X1^3 - X1^2*X2 - X1*X2^2 + X2^3 - Y1^2 + 2*Y1*Y2 - Y2^2"]], "hard_polynomials": ["2*X1^3 - 3*X1^2*X2 + X2^3 - Y1^2 + 2*Y1*Y2 - Y2^2"], "easy_polynomials": [], "name": "jacobian-0:madd-2008-g", "operation": "add", "form": "shortw", "coordinates": "jacobian-0", "ring_variables": ["X1", "X2", "Y1", "Y2", "b"], "unsolvable_polynomials": ["Y1 - Y2", "Y1 + Y2"]}, "jacobian-0:add-1998-cmo": {"coordinate_polynomials": [["Y", "X1^3*Y1 - 3*X1*X2^2*Y1 + 2*X2^3*Y1 - 2*X1^3*Y2 + 3*X1^2*X2*Y2 - X2^3*Y2 - Y1^3 + 3*Y1^2*Y2 - 3*Y1*Y2^2 + Y2^3"], ["X", "X1^3 - X1^2*X2 - X1*X2^2 + X2^3 - Y1^2 + 2*Y1*Y2 - Y2^2"]], "hard_polynomials": ["2*X1^3 - 3*X1^2*X2 + X2^3 - Y1^2 + 2*Y1*Y2 - Y2^2"], "easy_polynomials": [], "name": "jacobian-0:add-1998-cmo", "operation": "add", "form": "shortw", "coordinates": "jacobian-0", "ring_variables": ["X1", "X2", "Y1", "Y2", "b"], "unsolvable_polynomials": ["Y1 - Y2", "Y1 + Y2"]}, "jacobian-0:madd-2007-bl": {"coordinate_polynomials": [["Y", "X1^3*Y1 - 3*X1*X2^2*Y1 + 2*X2^3*Y1 - 2*X1^3*Y2 + 3*X1^2*X2*Y2 - X2^3*Y2 - Y1^3 + 3*Y1^2*Y2 - 3*Y1*Y2^2 + Y2^3"], ["X", "X1^3 - X1^2*X2 - X1*X2^2 + X2^3 - Y1^2 + 2*Y1*Y2 - Y2^2"]], "hard_polynomials": ["2*X1^3 - 3*X1^2*X2 + X2^3 - Y1^2 + 2*Y1*Y2 - Y2^2"], "easy_polynomials": [], "name": "jacobian-0:madd-2007-bl", "operation": "add", "form": "shortw", "coordinates": "jacobian-0", "ring_variables": ["X1", "X2", "Y1", "Y2", "b"], "unsolvable_polynomials": ["Y1 - Y2", "Y1 + Y2"]}, "jacobian-0:add-1986-cc": {"coordinate_polynomials": [["Y", "X1^3*Y1 - 3*X1*X2^2*Y1 + 2*X2^3*Y1 - 2*X1^3*Y2 + 3*X1^2*X2*Y2 - X2^3*Y2 - Y1^3 + 3*Y1^2*Y2 - 3*Y1*Y2^2 + Y2^3"], ["X", "X1^3 - X1^2*X2 - X1*X2^2 + X2^3 - Y1^2 + 2*Y1*Y2 - Y2^2"]], "hard_polynomials": ["X1 + X2", "2*X1^3 - 3*X1^2*X2 + X2^3 - Y1^2 + 2*Y1*Y2 - Y2^2"], "easy_polynomials": [], "name": "jacobian-0:add-1986-cc", "operation": "add", "form": "shortw", "coordinates": "jacobian-0", "ring_variables": ["X1", "X2", "Y1", "Y2", "b"], "unsolvable_polynomials": ["Y1 - Y2", "Y1 + Y2"]}, "jacobian-0:add-2007-bl": {"coordinate_polynomials": [["Y", "X1^3*Y1 - 3*X1*X2^2*Y1 + 2*X2^3*Y1 - 2*X1^3*Y2 + 3*X1^2*X2*Y2 - X2^3*Y2 - Y1^3 + 3*Y1^2*Y2 - 3*Y1*Y2^2 + Y2^3"], ["X", "X1^3 - X1^2*X2 - X1*X2^2 + X2^3 - Y1^2 + 2*Y1*Y2 - Y2^2"]], "hard_polynomials": ["2*X1^3 - 3*X1^2*X2 + X2^3 - Y1^2 + 2*Y1*Y2 - Y2^2"], "easy_polynomials": [], "name": "jacobian-0:add-2007-bl", "operation": "add", "form": "shortw", "coordinates": "jacobian-0", "ring_variables": ["X1", "X2", "Y1", "Y2", "b"], "unsolvable_polynomials": ["Y1 - Y2", "Y1 + Y2"]}, "w12-0:madd-2010-cln": {"coordinate_polynomials": [["Y", "X1^3*Y1 - 3*X1*X2^2*Y1 + 2*X2^3*Y1 - 2*X1^3*Y2 + 3*X1^2*X2*Y2 - X2^3*Y2 - Y1^3 + 3*Y1^2*Y2 - 3*Y1*Y2^2 + Y2^3"], ["X", "X1^3 - X1^2*X2 - X1*X2^2 + X2^3 - Y1^2 + 2*Y1*Y2 - Y2^2"]], "hard_polynomials": ["X1 - X2 + Y1 - Y2", "2*X1^3 - 3*X1^2*X2 + X2^3 - Y1^2 + 2*Y1*Y2 - Y2^2"], "easy_polynomials": [], "name": "w12-0:madd-2010-cln", "operation": "add", "form": "shortw", "coordinates": "w12-0", "ring_variables": ["X1", "X2", "Y1", "Y2", "a"], "unsolvable_polynomials": ["Y1 - Y2", "Y1 + Y2"]}, "w12-0:add-2010-cln": {"coordinate_polynomials": [["Y", "X1^3*Y1 - 3*X1*X2^2*Y1 + 2*X2^3*Y1 - 2*X1^3*Y2 + 3*X1^2*X2*Y2 - X2^3*Y2 - Y1^3 + 3*Y1^2*Y2 - 3*Y1*Y2^2 + Y2^3"], ["X", "X1^3 - X1^2*X2 - X1*X2^2 + X2^3 - Y1^2 + 2*Y1*Y2 - Y2^2"]], "hard_polynomials": ["X1 - X2 + Y1 - Y2", "2*X1^3 - 3*X1^2*X2 + X2^3 - Y1^2 + 2*Y1*Y2 - Y2^2"], "easy_polynomials": [], "name": "w12-0:add-2010-cln", "operation": "add", "form": "shortw", "coordinates": "w12-0", "ring_variables": ["X1", "X2", "Y1", "Y2", "a"], "unsolvable_polynomials": ["Y1 - Y2", "Y1 + Y2"]}, "projective-3:madd-2015-rcb-3": {"coordinate_polynomials": [["Z", "3*X1*X2^2*Y1 + 3*X1^2*X2*Y2 + Y1^2*Y2 + Y1*Y2^2 - 3*X1*Y1 - 6*X2*Y1 - 6*X1*Y2 - 3*X2*Y2 + 3*Y1*b + 3*Y2*b"], ["Y", "9*X1^2*X2^2 - Y1^2*Y2^2 - 9*X1^2*X2*b - 9*X1*X2^2*b + 9*X1^2 + 36*X1*X2 + 9*X2^2 - 9*X1*b - 9*X2*b + 9*b^2 - 27"], ["X", "X2*Y1^2*Y2 + X1*Y1*Y2^2 + 6*X1*X2*Y1 + 3*X2^2*Y1 + 3*X1^2*Y2 + 6*X1*X2*Y2 - 3*X1*Y1*b - 6*X2*Y1*b - 6*X1*Y2*b - 3*X2*Y2*b + 9*Y1 + 9*Y2"]], "hard_polynomials": ["X2*Y1 + X1*Y2", "Y1*Y2 - 3*X1 - 3*X2 + 3*b", "X1*X2 - 1", "X1 + X2", "Y1 + Y2", "Y1*Y2 + 3*X1 + 3*X2 - 3*b", "X1*X2 - X1*b - X2*b + 3"], "easy_polynomials": ["X1 + Y1", "X2 + Y2"], "name": "projective-3:madd-2015-rcb-3", "operation": "add", "form": "shortw", "coordinates": "projective-3", "ring_variables": ["X1", "X2", "Y1", "Y2", "b"], "unsolvable_polynomials": ["X1 - X2"]}, "projective-3:add-2015-rcb-3": {"coordinate_polynomials": [["Z", "3*X1*X2^2*Y1 + 3*X1^2*X2*Y2 + Y1^2*Y2 + Y1*Y2^2 - 3*X1*Y1 - 6*X2*Y1 - 6*X1*Y2 - 3*X2*Y2 + 3*Y1*b + 3*Y2*b"], ["Y", "9*X1^2*X2^2 - Y1^2*Y2^2 - 9*X1^2*X2*b - 9*X1*X2^2*b + 9*X1^2 + 36*X1*X2 + 9*X2^2 - 9*X1*b - 9*X2*b + 9*b^2 - 27"], ["X", "X2*Y1^2*Y2 + X1*Y1*Y2^2 + 6*X1*X2*Y1 + 3*X2^2*Y1 + 3*X1^2*Y2 + 6*X1*X2*Y2 - 3*X1*Y1*b - 6*X2*Y1*b - 6*X1*Y2*b - 3*X2*Y2*b + 9*Y1 + 9*Y2"]], "hard_polynomials": ["X2*Y1 + X1*Y2", "Y1*Y2 - 3*X1 - 3*X2 + 3*b", "X1*X2 - 1", "X1 + X2", "Y1 + Y2", "Y1*Y2 + 3*X1 + 3*X2 - 3*b", "X1*X2 - X1*b - X2*b + 3"], "easy_polynomials": ["Y2 + 1", "Y1 + 1", "X2 + Y2", "X1 + 1", "X2 + 1", "X1 + Y1"], "name": "projective-3:add-2015-rcb-3", "operation": "add", "form": "shortw", "coordinates": "projective-3", "ring_variables": ["X1", "X2", "Y1", "Y2", "b"], "unsolvable_polynomials": ["X1 - X2"]}, "projective-3:add-2002-bj": {"coordinate_polynomials": [["X", "X1^4 + 2*X1^3*X2 + 3*X1^2*X2^2 + 2*X1*X2^3 + X2^4 - X1*Y1^2 - X2*Y1^2 - 2*X1*Y1*Y2 - 2*X2*Y1*Y2 - X1*Y2^2 - X2*Y2^2 - 6*X1^2 - 6*X1*X2 - 6*X2^2 + 9"], ["X", "Y1 + Y2"], ["Y", "2*X1^6 + 6*X1^5*X2 + 12*X1^4*X2^2 + 14*X1^3*X2^3 + 12*X1^2*X2^4 + 6*X1*X2^5 + 2*X2^6 - 3*X1^3*Y1^2 - 6*X1^2*X2*Y1^2 - 6*X1*X2^2*Y1^2 - 3*X2^3*Y1^2 - 6*X1^3*Y1*Y2 - 12*X1^2*X2*Y1*Y2 - 12*X1*X2^2*Y1*Y2 - 6*X2^3*Y1*Y2 - 3*X1^3*Y2^2 - 6*X1^2*X2*Y2^2 - 6*X1*X2^2*Y2^2 - 3*X2^3*Y2^2 - 18*X1^4 - 36*X1^3*X2 - 54*X1^2*X2^2 - 36*X1*X2^3 - 18*X2^4 + Y1^4 + 4*Y1^3*Y2 + 6*Y1^2*Y2^2 + 4*Y1*Y2^3 + Y2^4 + 9*X1*Y1^2 + 9*X2*Y1^2 + 18*X1*Y1*Y2 + 18*X2*Y1*Y2 + 9*X1*Y2^2 + 9*X2*Y2^2 + 54*X1^2 + 54*X1*X2 + 54*X2^2 - 54"]], "hard_polynomials": ["X1 + X2", "2*X1^4 + 4*X1^3*X2 + 6*X1^2*X2^2 + 4*X1*X2^3 + 2*X2^4 - 3*X1*Y1^2 - 3*X2*Y1^2 - 6*X1*Y1*Y2 - 6*X2*Y1*Y2 - 3*X1*Y2^2 - 3*X2*Y2^2 - 12*X1^2 - 12*X1*X2 - 12*X2^2 + 18", "X1^2 + X1*X2 + X2^2 - 3"], "easy_polynomials": [], "name": "projective-3:add-2002-bj", "operation": "add", "form": "shortw", "coordinates": "projective-3", "ring_variables": ["X1", "X2", "Y1", "Y2", "b"], "unsolvable_polynomials": ["X1 - X2"]}, "projective-3:mmadd-1998-cmo": {"coordinate_polynomials": [["Y", "X1^3*Y1 - 3*X1*X2^2*Y1 + 2*X2^3*Y1 - 2*X1^3*Y2 + 3*X1^2*X2*Y2 - X2^3*Y2 - Y1^3 + 3*Y1^2*Y2 - 3*Y1*Y2^2 + Y2^3"], ["X", "X1^3 - X1^2*X2 - X1*X2^2 + X2^3 - Y1^2 + 2*Y1*Y2 - Y2^2"]], "hard_polynomials": ["Y1 - Y2", "2*X1^3 - 3*X1^2*X2 + X2^3 - Y1^2 + 2*Y1*Y2 - Y2^2"], "easy_polynomials": [], "name": "projective-3:mmadd-1998-cmo", "operation": "add", "form": "shortw", "coordinates": "projective-3", "ring_variables": ["X1", "X2", "Y1", "Y2", "b"], "unsolvable_polynomials": ["X1 - X2"]}, "projective-3:madd-1998-cmo": {"coordinate_polynomials": [["Y", "X1^3*Y1 - 3*X1*X2^2*Y1 + 2*X2^3*Y1 - 2*X1^3*Y2 + 3*X1^2*X2*Y2 - X2^3*Y2 - Y1^3 + 3*Y1^2*Y2 - 3*Y1*Y2^2 + Y2^3"], ["X", "X1^3 - X1^2*X2 - X1*X2^2 + X2^3 - Y1^2 + 2*Y1*Y2 - Y2^2"]], "hard_polynomials": ["Y1 - Y2", "2*X1^3 - 3*X1^2*X2 + X2^3 - Y1^2 + 2*Y1*Y2 - Y2^2"], "easy_polynomials": [], "name": "projective-3:madd-1998-cmo", "operation": "add", "form": "shortw", "coordinates": "projective-3", "ring_variables": ["X1", "X2", "Y1", "Y2", "b"], "unsolvable_polynomials": ["X1 - X2"]}, "projective-3:add-1998-cmo-2": {"coordinate_polynomials": [["Y", "X1^3*Y1 - 3*X1*X2^2*Y1 + 2*X2^3*Y1 - 2*X1^3*Y2 + 3*X1^2*X2*Y2 - X2^3*Y2 - Y1^3 + 3*Y1^2*Y2 - 3*Y1*Y2^2 + Y2^3"], ["X", "X1^3 - X1^2*X2 - X1*X2^2 + X2^3 - Y1^2 + 2*Y1*Y2 - Y2^2"]], "hard_polynomials": ["Y1 - Y2", "2*X1^3 - 3*X1^2*X2 + X2^3 - Y1^2 + 2*Y1*Y2 - Y2^2"], "easy_polynomials": [], "name": "projective-3:add-1998-cmo-2", "operation": "add", "form": "shortw", "coordinates": "projective-3", "ring_variables": ["X1", "X2", "Y1", "Y2", "b"], "unsolvable_polynomials": ["X1 - X2"]}, "projective-3:add-1998-cmo": {"coordinate_polynomials": [["Y", "X1^3*Y1 - 3*X1*X2^2*Y1 + 2*X2^3*Y1 - 2*X1^3*Y2 + 3*X1^2*X2*Y2 - X2^3*Y2 - Y1^3 + 3*Y1^2*Y2 - 3*Y1*Y2^2 + Y2^3"], ["X", "X1^3 - X1^2*X2 - X1*X2^2 + X2^3 - Y1^2 + 2*Y1*Y2 - Y2^2"]], "hard_polynomials": ["Y1 - Y2", "2*X1^3 - 3*X1^2*X2 + X2^3 - Y1^2 + 2*Y1*Y2 - Y2^2"], "easy_polynomials": [], "name": "projective-3:add-1998-cmo", "operation": "add", "form": "shortw", "coordinates": "projective-3", "ring_variables": ["X1", "X2", "Y1", "Y2", "b"], "unsolvable_polynomials": ["X1 - X2"]}, "projective-3:add-2015-rcb": {"coordinate_polynomials": [["Z", "3*X1*X2^2*Y1 + 3*X1^2*X2*Y2 + Y1^2*Y2 + Y1*Y2^2 - 3*X1*Y1 - 6*X2*Y1 - 6*X1*Y2 - 3*X2*Y2 + 3*Y1*b + 3*Y2*b"], ["Y", "9*X1^2*X2^2 - Y1^2*Y2^2 - 9*X1^2*X2*b - 9*X1*X2^2*b + 9*X1^2 + 36*X1*X2 + 9*X2^2 - 9*X1*b - 9*X2*b + 9*b^2 - 27"], ["X", "X2*Y1^2*Y2 + X1*Y1*Y2^2 + 6*X1*X2*Y1 + 3*X2^2*Y1 + 3*X1^2*Y2 + 6*X1*X2*Y2 - 3*X1*Y1*b - 6*X2*Y1*b - 6*X1*Y2*b - 3*X2*Y2*b + 9*Y1 + 9*Y2"]], "hard_polynomials": ["X2*Y1 + X1*Y2", "Y1*Y2 - 3*X1 - 3*X2 + 3*b", "X1*X2 - 1", "X1 + X2", "Y1 + Y2", "X1*X2 + 3", "Y1*Y2 + 3*X1 + 3*X2 - 3*b", "X1*X2 - X1*b - X2*b + 3"], "easy_polynomials": ["Y2 + 1", "Y1 + 1", "X2 + Y2", "X1 + 1", "X2 + 1", "X1 + Y1"], "name": "projective-3:add-2015-rcb", "operation": "add", "form": "shortw", "coordinates": "projective-3", "ring_variables": ["X1", "X2", "Y1", "Y2", "b"], "unsolvable_polynomials": ["X1 - X2"]}, "projective-3:add-2007-bl": {"coordinate_polynomials": [["X", "X1^4 + 2*X1^3*X2 + 3*X1^2*X2^2 + 2*X1*X2^3 + X2^4 - X1*Y1^2 - X2*Y1^2 - 2*X1*Y1*Y2 - 2*X2*Y1*Y2 - X1*Y2^2 - X2*Y2^2 - 6*X1^2 - 6*X1*X2 - 6*X2^2 + 9"], ["X", "Y1 + Y2"], ["Y", "2*X1^6 + 6*X1^5*X2 + 12*X1^4*X2^2 + 14*X1^3*X2^3 + 12*X1^2*X2^4 + 6*X1*X2^5 + 2*X2^6 - 3*X1^3*Y1^2 - 6*X1^2*X2*Y1^2 - 6*X1*X2^2*Y1^2 - 3*X2^3*Y1^2 - 6*X1^3*Y1*Y2 - 12*X1^2*X2*Y1*Y2 - 12*X1*X2^2*Y1*Y2 - 6*X2^3*Y1*Y2 - 3*X1^3*Y2^2 - 6*X1^2*X2*Y2^2 - 6*X1*X2^2*Y2^2 - 3*X2^3*Y2^2 - 18*X1^4 - 36*X1^3*X2 - 54*X1^2*X2^2 - 36*X1*X2^3 - 18*X2^4 + Y1^4 + 4*Y1^3*Y2 + 6*Y1^2*Y2^2 + 4*Y1*Y2^3 + Y2^4 + 9*X1*Y1^2 + 9*X2*Y1^2 + 18*X1*Y1*Y2 + 18*X2*Y1*Y2 + 9*X1*Y2^2 + 9*X2*Y2^2 + 54*X1^2 + 54*X1*X2 + 54*X2^2 - 54"]], "hard_polynomials": ["X1 + X2", "2*X1^4 + 4*X1^3*X2 + 6*X1^2*X2^2 + 4*X1*X2^3 + 2*X2^4 - 3*X1*Y1^2 - 3*X2*Y1^2 - 6*X1*Y1*Y2 - 6*X2*Y1*Y2 - 3*X1*Y2^2 - 3*X2*Y2^2 - 12*X1^2 - 12*X1*X2 - 12*X2^2 + 18", "X1^2 + X1*X2 + X2^2 - 3"], "easy_polynomials": [], "name": "projective-3:add-2007-bl", "operation": "add", "form": "shortw", "coordinates": "projective-3", "ring_variables": ["X1", "X2", "Y1", "Y2", "b"], "unsolvable_polynomials": ["X1 - X2"]}, "projective-3:madd-2015-rcb": {"coordinate_polynomials": [["Z", "3*X1*X2^2*Y1 + 3*X1^2*X2*Y2 + Y1^2*Y2 + Y1*Y2^2 - 3*X1*Y1 - 6*X2*Y1 - 6*X1*Y2 - 3*X2*Y2 + 3*Y1*b + 3*Y2*b"], ["Y", "9*X1^2*X2^2 - Y1^2*Y2^2 - 9*X1^2*X2*b - 9*X1*X2^2*b + 9*X1^2 + 36*X1*X2 + 9*X2^2 - 9*X1*b - 9*X2*b + 9*b^2 - 27"], ["X", "X2*Y1^2*Y2 + X1*Y1*Y2^2 + 6*X1*X2*Y1 + 3*X2^2*Y1 + 3*X1^2*Y2 + 6*X1*X2*Y2 - 3*X1*Y1*b - 6*X2*Y1*b - 6*X1*Y2*b - 3*X2*Y2*b + 9*Y1 + 9*Y2"]], "hard_polynomials": ["X2*Y1 + X1*Y2", "Y1*Y2 - 3*X1 - 3*X2 + 3*b", "X1*X2 - 1", "X1 + X2", "Y1 + Y2", "X1*X2 + 3", "Y1*Y2 + 3*X1 + 3*X2 - 3*b", "X1*X2 - X1*b - X2*b + 3"], "easy_polynomials": ["X1 + Y1", "X2 + Y2"], "name": "projective-3:madd-2015-rcb", "operation": "add", "form": "shortw", "coordinates": "projective-3", "ring_variables": ["X1", "X2", "Y1", "Y2", "b"], "unsolvable_polynomials": ["X1 - X2"]}}