{"projective:madd-2008-bbjlp": {"coordinate_polynomials": [["Y", "X1*X2*a - Y1*Y2"], ["X", "X1*X2*Y1*Y2*d - 1"], ["X", "X2*Y1 + X1*Y2"], ["Y", "X1*X2*Y1*Y2*d + 1"]], "hard_polynomials": [], "easy_polynomials": [], "name": "projective:madd-2008-bbjlp", "operation": "add", "form": "twisted", "coordinates": "projective", "ring_variables": ["X1", "X2", "Y1", "Y2", "a", "d"], "unsolvable_polynomials": ["X1 - Y1", "X2 - Y2", "Y1 + Y2", "X1 + Y1", "X1 - X2", "X1 + Y2", "X2 + Y2", "X2 + Y1"]}, "projective:mmadd-2008-bbjlp": {"coordinate_polynomials": [["Y", "X1*X2*a - Y1*Y2"], ["X", "X1*X2*Y1*Y2*d - 1"], ["X", "X2*Y1 + X1*Y2"], ["Y", "X1*X2*Y1*Y2*d + 1"]], "hard_polynomials": [], "easy_polynomials": [], "name": "projective:mmadd-2008-bbjlp", "operation": "add", "form": "twisted", "coordinates": "projective", "ring_variables": ["X1", "X2", "Y1", "Y2", "a", "d"], "unsolvable_polynomials": ["X1 - Y1", "X2 - Y2", "Y1 + Y2", "X1 + Y1", "X1 - X2", "X1 + Y2", "X2 + Y2", "X2 + Y1"]}, "projective:add-2008-bbjlp": {"coordinate_polynomials": [["Y", "X1*X2*a - Y1*Y2"], ["X", "X1*X2*Y1*Y2*d - 1"], ["X", "X2*Y1 + X1*Y2"], ["Y", "X1*X2*Y1*Y2*d + 1"]], "hard_polynomials": [], "easy_polynomials": [], "name": "projective:add-2008-bbjlp", "operation": "add", "form": "twisted", "coordinates": "projective", "ring_variables": ["X1", "X2", "Y1", "Y2", "a", "d"], "unsolvable_polynomials": ["X1 - Y1", "X2 - Y2", "Y1 + Y2", "X1 + Y1", "X1 - X2", "X1 + Y2", "X2 + Y2", "X2 + Y1"]}, "inverted:madd-2008-bbjlp": {"coordinate_polynomials": [["Y", "X1*X2*Y1*Y2*d - 1"], ["X", "X1*X2*Y1*Y2*d + 1"], ["X", "X1*X2*a - Y1*Y2"], ["Y", "X2*Y1 + X1*Y2"]], "hard_polynomials": [], "easy_polynomials": [], "name": "inverted:madd-2008-bbjlp", "operation": "add", "form": "twisted", "coordinates": "inverted", "ring_variables": ["X1", "X2", "Y1", "Y2", "a", "d"], "unsolvable_polynomials": ["X1 - Y1", "X2 - Y2", "Y1 + Y2", "X1 + Y1", "X1 - X2", "X1 + Y2", "X2 + Y2", "X2 + Y1"]}, "inverted:mmadd-2008-bbjlp": {"coordinate_polynomials": [["Y", "X1*X2*Y1*Y2*d - 1"], ["X", "X1*X2*Y1*Y2*d + 1"], ["X", "X1*X2*a - Y1*Y2"], ["Y", "X2*Y1 + X1*Y2"]], "hard_polynomials": [], "easy_polynomials": [], "name": "inverted:mmadd-2008-bbjlp", "operation": "add", "form": "twisted", "coordinates": "inverted", "ring_variables": ["X1", "X2", "Y1", "Y2", "a", "d"], "unsolvable_polynomials": ["X1 - Y1", "X2 - Y2", "Y1 + Y2", "X1 + Y1", "X1 - X2", "X1 + Y2", "X2 + Y2", "X2 + Y1"]}, "inverted:add-2008-bbjlp": {"coordinate_polynomials": [["Y", "X1*X2*Y1*Y2*d - 1"], ["X", "X1*X2*Y1*Y2*d + 1"], ["X", "X1*X2*a - Y1*Y2"], ["Y", "X2*Y1 + X1*Y2"]], "hard_polynomials": [], "easy_polynomials": [], "name": "inverted:add-2008-bbjlp", "operation": "add", "form": "twisted", "coordinates": "inverted", "ring_variables": ["X1", "X2", "Y1", "Y2", "a", "d"], "unsolvable_polynomials": ["X1 - Y1", "X2 - Y2", "Y1 + Y2", "X1 + Y1", "X1 - X2", "X1 + Y2", "X2 + Y2", "X2 + Y1"]}, "extended-1:mmadd-2008-hwcd-2": {"coordinate_polynomials": [["Y", "X1*X2 - Y1*Y2"], ["X", "X2*Y1 - X1*Y2"], ["Y", "X1*Y1 - X2*Y2"], ["X", "X1*Y1 + X2*Y2"]], "hard_polynomials": [], "easy_polynomials": [], "name": "extended-1:mmadd-2008-hwcd-2", "operation": "add", "form": "twisted", "coordinates": "extended-1", "ring_variables": ["X1", "X2", "Y1", "Y2", "d"], "unsolvable_polynomials": ["X1 - Y1", "X2 - Y2", "Y1 + Y2", "X1 + Y1", "X1 - X2", "X1 + Y2", "X2 + Y2", "X2 + Y1"]}, "extended-1:madd-2008-hwcd": {"coordinate_polynomials": [["X", "X2*Y1 + X1*Y2"], ["Y", "X1*X2 + Y1*Y2"]], "hard_polynomials": [], "easy_polynomials": [], "name": "extended-1:madd-2008-hwcd", "operation": "add", "form": "twisted", "coordinates": "extended-1", "ring_variables": ["X1", "X2", "Y1", "Y2", "d"], "unsolvable_polynomials": ["X1 - Y1", "X2 - Y2", "Y1 + Y2", "X1 + Y1", "X1 - X2", "X1 + Y2", "X2 + Y2", "X2 + Y1"]}, "extended-1:madd-2008-hwcd-2": {"coordinate_polynomials": [["Y", "X1*X2 - Y1*Y2"], ["X", "X2*Y1 - X1*Y2"]], "hard_polynomials": [], "easy_polynomials": [], "name": "extended-1:madd-2008-hwcd-2", "operation": "add", "form": "twisted", "coordinates": "extended-1", "ring_variables": ["X1", "X2", "Y1", "Y2", "d"], "unsolvable_polynomials": ["X1 - Y1", "X2 - Y2", "Y1 + Y2", "X1 + Y1", "X1 - X2", "X1 + Y2", "X2 + Y2", "X2 + Y1"]}, "extended-1:add-2008-hwcd": {"coordinate_polynomials": [["X", "X2*Y1 + X1*Y2"], ["Y", "X1*X2 + Y1*Y2"]], "hard_polynomials": [], "easy_polynomials": [], "name": "extended-1:add-2008-hwcd", "operation": "add", "form": "twisted", "coordinates": "extended-1", "ring_variables": ["X1", "X2", "Y1", "Y2", "d"], "unsolvable_polynomials": ["X1 - Y1", "X2 - Y2", "Y1 + Y2", "X1 + Y1", "X1 - X2", "X1 + Y2", "X2 + Y2", "X2 + Y1"]}, "extended-1:madd-2008-hwcd-4": {"coordinate_polynomials": [["Y", "X1*X2 - Y1*Y2"], ["X", "X2*Y1 - X1*Y2"]], "hard_polynomials": [], "easy_polynomials": [], "name": "extended-1:madd-2008-hwcd-4", "operation": "add", "form": "twisted", "coordinates": "extended-1", "ring_variables": ["X1", "X2", "Y1", "Y2", "d"], "unsolvable_polynomials": ["X1 - Y1", "X2 - Y2", "Y1 + Y2", "X1 + Y1", "X1 - X2", "X1 + Y2", "X2 + Y2", "X2 + Y1"]}, "extended-1:add-2008-hwcd-3": {"coordinate_polynomials": [["X", "X2*Y1 + X1*Y2"], ["Y", "X1*X2 + Y1*Y2"]], "hard_polynomials": [], "easy_polynomials": [], "name": "extended-1:add-2008-hwcd-3", "operation": "add", "form": "twisted", "coordinates": "extended-1", "ring_variables": ["X1", "X2", "Y1", "Y2", "d"], "unsolvable_polynomials": ["X1 - Y1", "X2 - Y2", "Y1 + Y2", "X1 + Y1", "X1 - X2", "X1 + Y2", "X2 + Y2", "X2 + Y1"]}, "extended-1:add-2008-hwcd-4": {"coordinate_polynomials": [["Y", "X1*X2 - Y1*Y2"], ["X", "X2*Y1 - X1*Y2"]], "hard_polynomials": [], "easy_polynomials": [], "name": "extended-1:add-2008-hwcd-4", "operation": "add", "form": "twisted", "coordinates": "extended-1", "ring_variables": ["X1", "X2", "Y1", "Y2", "d"], "unsolvable_polynomials": ["X1 - Y1", "X2 - Y2", "Y1 + Y2", "X1 + Y1", "X1 - X2", "X1 + Y2", "X2 + Y2", "X2 + Y1"]}, "extended-1:madd-2008-hwcd-3": {"coordinate_polynomials": [["X", "X2*Y1 + X1*Y2"], ["Y", "X1*X2 + Y1*Y2"]], "hard_polynomials": [], "easy_polynomials": [], "name": "extended-1:madd-2008-hwcd-3", "operation": "add", "form": "twisted", "coordinates": "extended-1", "ring_variables": ["X1", "X2", "Y1", "Y2", "d"], "unsolvable_polynomials": ["X1 - Y1", "X2 - Y2", "Y1 + Y2", "X1 + Y1", "X1 - X2", "X1 + Y2", "X2 + Y2", "X2 + Y1"]}, "extended-1:add-2008-hwcd-2": {"coordinate_polynomials": [["Y", "X1*X2 - Y1*Y2"], ["X", "X2*Y1 - X1*Y2"]], "hard_polynomials": [], "easy_polynomials": [], "name": "extended-1:add-2008-hwcd-2", "operation": "add", "form": "twisted", "coordinates": "extended-1", "ring_variables": ["X1", "X2", "Y1", "Y2", "d"], "unsolvable_polynomials": ["X1 - Y1", "X2 - Y2", "Y1 + Y2", "X1 + Y1", "X1 - X2", "X1 + Y2", "X2 + Y2", "X2 + Y1"]}, "extended-1:mmadd-2008-hwcd-4": {"coordinate_polynomials": [["Y", "X1*X2 - Y1*Y2"], ["X", "X2*Y1 - X1*Y2"], ["Y", "X1*Y1 - X2*Y2"], ["X", "X1*Y1 + X2*Y2"]], "hard_polynomials": [], "easy_polynomials": [], "name": "extended-1:mmadd-2008-hwcd-4", "operation": "add", "form": "twisted", "coordinates": "extended-1", "ring_variables": ["X1", "X2", "Y1", "Y2", "d"], "unsolvable_polynomials": ["X1 - Y1", "X2 - Y2", "Y1 + Y2", "X1 + Y1", "X1 - X2", "X1 + Y2", "X2 + Y2", "X2 + Y1"]}, "extended-1:mmadd-2008-hwcd-3": {"coordinate_polynomials": [["X", "X1*X2*Y1*Y2*d - 1"], ["X", "X2*Y1 + X1*Y2"], ["Y", "X1*X2 + Y1*Y2"], ["Y", "X1*X2*Y1*Y2*d + 1"]], "hard_polynomials": [], "easy_polynomials": [], "name": "extended-1:mmadd-2008-hwcd-3", "operation": "add", "form": "twisted", "coordinates": "extended-1", "ring_variables": ["X1", "X2", "Y1", "Y2", "d"], "unsolvable_polynomials": ["X1 - Y1", "X2 - Y2", "Y1 + Y2", "X1 + Y1", "X1 - X2", "X1 + Y2", "X2 + Y2", "X2 + Y1"]}, "extended-1:mmadd-2008-hwcd": {"coordinate_polynomials": [["X", "X1*X2*Y1*Y2*d - 1"], ["X", "X2*Y1 + X1*Y2"], ["Y", "X1*X2 + Y1*Y2"], ["Y", "X1*X2*Y1*Y2*d + 1"]], "hard_polynomials": [], "easy_polynomials": [], "name": "extended-1:mmadd-2008-hwcd", "operation": "add", "form": "twisted", "coordinates": "extended-1", "ring_variables": ["X1", "X2", "Y1", "Y2", "d"], "unsolvable_polynomials": ["X1 - Y1", "X2 - Y2", "Y1 + Y2", "X1 + Y1", "X1 - X2", "X1 + Y2", "X2 + Y2", "X2 + Y1"]}, "extended:mmadd-2008-hwcd-2": {"coordinate_polynomials": [["Y", "X1*X2*a + Y1*Y2"], ["X", "X2*Y1 - X1*Y2"], ["Y", "X1*Y1 - X2*Y2"], ["X", "X1*Y1 + X2*Y2"]], "hard_polynomials": [], "easy_polynomials": [], "name": "extended:mmadd-2008-hwcd-2", "operation": "add", "form": "twisted", "coordinates": "extended", "ring_variables": ["X1", "X2", "Y1", "Y2", "a", "d"], "unsolvable_polynomials": ["X1 - Y1", "X2 - Y2", "Y1 + Y2", "X1 + Y1", "X1 - X2", "X1 + Y2", "X2 + Y2", "X2 + Y1"]}, "extended:madd-2008-hwcd": {"coordinate_polynomials": [["Y", "X1*X2*a - Y1*Y2"], ["X", "X2*Y1 + X1*Y2"]], "hard_polynomials": [], "easy_polynomials": [], "name": "extended:madd-2008-hwcd", "operation": "add", "form": "twisted", "coordinates": "extended", "ring_variables": ["X1", "X2", "Y1", "Y2", "a", "d"], "unsolvable_polynomials": ["X1 - Y1", "X2 - Y2", "Y1 + Y2", "X1 + Y1", "X1 - X2", "X1 + Y2", "X2 + Y2", "X2 + Y1"]}, "extended:madd-2008-hwcd-2": {"coordinate_polynomials": [["Y", "X1*X2*a + Y1*Y2"], ["X", "X2*Y1 - X1*Y2"]], "hard_polynomials": [], "easy_polynomials": [], "name": "extended:madd-2008-hwcd-2", "operation": "add", "form": "twisted", "coordinates": "extended", "ring_variables": ["X1", "X2", "Y1", "Y2", "a", "d"], "unsolvable_polynomials": ["X1 - Y1", "X2 - Y2", "Y1 + Y2", "X1 + Y1", "X1 - X2", "X1 + Y2", "X2 + Y2", "X2 + Y1"]}, "extended:add-2008-hwcd": {"coordinate_polynomials": [["Y", "X1*X2*a - Y1*Y2"], ["X", "X2*Y1 + X1*Y2"]], "hard_polynomials": [], "easy_polynomials": [], "name": "extended:add-2008-hwcd", "operation": "add", "form": "twisted", "coordinates": "extended", "ring_variables": ["X1", "X2", "Y1", "Y2", "a", "d"], "unsolvable_polynomials": ["X1 - Y1", "X2 - Y2", "Y1 + Y2", "X1 + Y1", "X1 - X2", "X1 + Y2", "X2 + Y2", "X2 + Y1"]}, "extended:add-2008-hwcd-2": {"coordinate_polynomials": [["Y", "X1*X2*a + Y1*Y2"], ["X", "X2*Y1 - X1*Y2"]], "hard_polynomials": [], "easy_polynomials": [], "name": "extended:add-2008-hwcd-2", "operation": "add", "form": "twisted", "coordinates": "extended", "ring_variables": ["X1", "X2", "Y1", "Y2", "a", "d"], "unsolvable_polynomials": ["X1 - Y1", "X2 - Y2", "Y1 + Y2", "X1 + Y1", "X1 - X2", "X1 + Y2", "X2 + Y2", "X2 + Y1"]}, "extended:mmadd-2008-hwcd": {"coordinate_polynomials": [["Y", "X1*X2*a - Y1*Y2"], ["X", "X1*X2*Y1*Y2*d - 1"], ["X", "X2*Y1 + X1*Y2"], ["Y", "X1*X2*Y1*Y2*d + 1"]], "hard_polynomials": [], "easy_polynomials": [], "name": "extended:mmadd-2008-hwcd", "operation": "add", "form": "twisted", "coordinates": "extended", "ring_variables": ["X1", "X2", "Y1", "Y2", "a", "d"], "unsolvable_polynomials": ["X1 - Y1", "X2 - Y2", "Y1 + Y2", "X1 + Y1", "X1 - X2", "X1 + Y2", "X2 + Y2", "X2 + Y1"]}}