{"projective:mdbl-2008-bbjlp": {"coordinate_polynomials": [["Y", "X1^2*a - Y1^2"], ["Y", "X1^2*a + Y1^2"]], "hard_polynomials": [], "easy_polynomials": [], "name": "projective:mdbl-2008-bbjlp", "operation": "dbl", "form": "twisted", "coordinates": "projective", "ring_variables": ["X1", "Y1", "a", "d"], "unsolvable_polynomials": ["X1 + Y1"]}, "projective:dbl-2008-bbjlp": {"coordinate_polynomials": [["Y", "X1^2*a - Y1^2"], ["X", "X1^2*a + Y1^2 - 2"], ["Y", "X1^2*a + Y1^2"]], "hard_polynomials": [], "easy_polynomials": [], "name": "projective:dbl-2008-bbjlp", "operation": "dbl", "form": "twisted", "coordinates": "projective", "ring_variables": ["X1", "Y1", "a", "d"], "unsolvable_polynomials": ["X1 + Y1"]}, "inverted:mdbl-2008-bbjlp": {"coordinate_polynomials": [["X", "X1^2*a + Y1^2"], ["X", "X1^2*a - Y1^2"]], "hard_polynomials": [], "easy_polynomials": [], "name": "inverted:mdbl-2008-bbjlp", "operation": "dbl", "form": "twisted", "coordinates": "inverted", "ring_variables": ["X1", "Y1", "a", "d"], "unsolvable_polynomials": ["X1 + Y1"]}, "inverted:dbl-2008-bbjlp": {"coordinate_polynomials": [["Y", "2*X1^2*Y1^2*d - X1^2*a - Y1^2"], ["X", "X1^2*a + Y1^2"], ["X", "X1^2*a - Y1^2"]], "hard_polynomials": [], "easy_polynomials": [], "name": "inverted:dbl-2008-bbjlp", "operation": "dbl", "form": "twisted", "coordinates": "inverted", "ring_variables": ["X1", "Y1", "a", "d"], "unsolvable_polynomials": ["X1 + Y1"]}, "extended-1:mdbl-2008-hwcd": {"coordinate_polynomials": [["Y", "X1 - Y1"], ["Y", "X1^2 + Y1^2"]], "hard_polynomials": [], "easy_polynomials": [], "name": "extended-1:mdbl-2008-hwcd", "operation": "dbl", "form": "twisted", "coordinates": "extended-1", "ring_variables": ["X1", "Y1", "d"], "unsolvable_polynomials": ["X1 + Y1"]}, "extended-1:dbl-2008-hwcd": {"coordinate_polynomials": [["Y", "X1 - Y1"], ["X", "X1^2 - Y1^2 + 2"], ["Y", "X1^2 + Y1^2"]], "hard_polynomials": [], "easy_polynomials": [], "name": "extended-1:dbl-2008-hwcd", "operation": "dbl", "form": "twisted", "coordinates": "extended-1", "ring_variables": ["X1", "Y1", "d"], "unsolvable_polynomials": ["X1 + Y1"]}, "extended:mdbl-2008-hwcd": {"coordinate_polynomials": [["Y", "X1^2*a - Y1^2"], ["Y", "X1^2*a + Y1^2"]], "hard_polynomials": [], "easy_polynomials": [], "name": "extended:mdbl-2008-hwcd", "operation": "dbl", "form": "twisted", "coordinates": "extended", "ring_variables": ["X1", "Y1", "a", "d"], "unsolvable_polynomials": ["X1 + Y1"]}, "extended:dbl-2008-hwcd": {"coordinate_polynomials": [["Y", "X1^2*a - Y1^2"], ["X", "X1^2*a + Y1^2 - 2"], ["Y", "X1^2*a + Y1^2"]], "hard_polynomials": [], "easy_polynomials": [], "name": "extended:dbl-2008-hwcd", "operation": "dbl", "form": "twisted", "coordinates": "extended", "ring_variables": ["X1", "Y1", "a", "d"], "unsolvable_polynomials": ["X1 + Y1"]}}